x,y,z,type
-130.850105,6.892158,0.000000,PD-L1lo_tumor
-35.850511,-366.366648,0.000000,PD-L1lo_tumor
220.660580,280.914429,0.000000,PD-L1lo_tumor
-122.926573,287.071973,0.000000,PD-L1lo_tumor
238.705518,13.466076,0.000000,PD-L1lo_tumor
-249.789159,-143.810186,0.000000,PD-L1lo_tumor
-18.437351,302.017522,0.000000,PD-L1lo_tumor
107.141314,262.338402,0.000000,PD-L1lo_tumor
304.087367,45.971766,0.000000,PD-L1lo_tumor
25.210996,-298.788945,0.000000,PD-L1lo_tumor
115.117994,-84.281010,0.000000,PD-L1lo_tumor
31.483918,-284.855316,0.000000,PD-L1lo_tumor
266.189196,36.537422,0.000000,PD-L1lo_tumor
-327.500951,-208.370696,0.000000,PD-L1lo_tumor
-85.326107,198.449925,0.000000,PD-L1lo_tumor
160.849276,198.851764,0.000000,PD-L1lo_tumor
-20.789222,-278.613839,0.000000,PD-L1lo_tumor
160.519667,170.232232,0.000000,PD-L1lo_tumor
-140.748719,350.997421,0.000000,PD-L1lo_tumor
106.839196,303.806816,0.000000,PD-L1lo_tumor
-16.709653,66.133292,0.000000,PD-L1lo_tumor
120.521925,198.526207,0.000000,PD-L1lo_tumor
239.441118,-0.875495,0.000000,PD-L1lo_tumor
248.348459,-275.726207,0.000000,PD-L1lo_tumor
16.599608,52.870647,0.000000,PD-L1lo_tumor
364.918642,161.561082,0.000000,PD-L1lo_tumor
142.467214,283.898916,0.000000,PD-L1lo_tumor
-269.138839,21.197879,0.000000,PD-L1lo_tumor
-328.240787,-45.812736,0.000000,fixed_vessel_source
-297.553926,50.174544,0.000000,PD-L1lo_tumor
-900.300918,-318.899025,0.000000,fixed_vessel_source_compressed
185.571273,117.903562,0.000000,PD-L1lo_tumor
335.157353,-34.605786,0.000000,PD-L1lo_tumor
-33.249531,203.142409,0.000000,PD-L1lo_tumor
306.123443,205.218005,0.000000,PD-L1lo_tumor
-425.016458,331.004155,0.000000,fixed_vessel_source
-460.126688,-243.193011,0.000000,fixed_vessel_source
33.279860,123.768194,0.000000,PD-L1lo_tumor
44.822209,-256.062262,0.000000,PD-L1lo_tumor
-56.277474,378.845780,0.000000,PD-L1lo_tumor
-120.238269,-222.549783,0.000000,PD-L1lo_tumor
-280.347095,-202.417953,0.000000,PD-L1lo_tumor
122.459763,-151.678230,0.000000,PD-L1lo_tumor
-408.227025,-192.845993,0.000000,fixed_vessel_source
-198.225113,240.264830,0.000000,PD-L1lo_tumor
-42.546543,72.412772,0.000000,PD-L1lo_tumor
93.414650,-130.933529,0.000000,PD-L1lo_tumor
26.007862,-348.932851,0.000000,PD-L1lo_tumor
159.194674,-297.745773,0.000000,PD-L1lo_tumor
287.655588,167.121016,0.000000,PD-L1lo_tumor
248.485251,159.768725,0.000000,PD-L1lo_tumor
-175.672783,-371.970779,0.000000,fixed_vessel_source
61.225136,344.187603,0.000000,PD-L1lo_tumor
-187.145391,-124.131744,0.000000,PD-L1lo_tumor
315.030206,137.550457,0.000000,PD-L1lo_tumor
-157.126626,-27.566100,0.000000,PD-L1lo_tumor
-297.386135,-70.619728,0.000000,PD-L1lo_tumor
-367.171098,-156.247341,0.000000,PD-L1lo_tumor
-160.523517,-159.742487,0.000000,PD-L1lo_tumor
301.384077,-108.095091,0.000000,PD-L1lo_tumor
-239.179736,-94.582991,0.000000,PD-L1lo_tumor
-24.833271,-226.664866,0.000000,PD-L1lo_tumor
261.238866,-250.435884,0.000000,PD-L1lo_tumor
199.900929,119.157994,0.000000,PD-L1lo_tumor
302.908872,-93.001266,0.000000,PD-L1lo_tumor
-29.839640,-111.737895,0.000000,PD-L1lo_tumor
25.604901,41.078079,0.000000,PD-L1lo_tumor
278.298841,-153.460516,0.000000,PD-L1lo_tumor
46.487985,-83.640282,0.000000,PD-L1lo_tumor
183.126452,-17.521245,0.000000,PD-L1lo_tumor
-247.697436,231.701718,0.000000,PD-L1lo_tumor
204.751230,-40.420910,0.000000,PD-L1lo_tumor
183.990187,-0.021243,0.000000,PD-L1lo_tumor
-457.911327,-76.630622,0.000000,fixed_vessel_source_compressed
147.466100,-183.990281,0.000000,PD-L1lo_tumor
-41.693682,-28.360859,0.000000,PD-L1lo_tumor
-108.235523,-172.641896,0.000000,PD-L1lo_tumor
-177.166376,92.242174,0.000000,fixed_vessel_source_compressed
287.243635,123.505641,0.000000,PD-L1lo_tumor
-135.439333,-7.782857,0.000000,PD-L1lo_tumor
-33.468754,-238.239161,0.000000,PD-L1lo_tumor
11.611465,6.715612,0.000000,PD-L1lo_tumor
67.208670,295.490258,0.000000,PD-L1lo_tumor
101.434778,-60.233271,0.000000,PD-L1lo_tumor
-502.082308,-109.323410,0.000000,fixed_vessel_source_compressed
-636.166518,352.067112,0.000000,fixed_vessel_source
-250.927548,-260.104581,0.000000,PD-L1lo_tumor
92.400874,86.288591,0.000000,PD-L1lo_tumor
-297.596848,174.404875,0.000000,PD-L1lo_tumor
17.250864,-280.260437,0.000000,PD-L1lo_tumor
25.926032,14.560874,0.000000,PD-L1lo_tumor
-32.785218,156.489493,0.000000,PD-L1lo_tumor
-120.198965,48.021010,0.000000,PD-L1lo_tumor
100.320601,149.913032,0.000000,fixed_vessel_source_compressed
112.565882,-367.611661,0.000000,PD-L1lo_tumor
-138.392102,267.749627,0.000000,PD-L1lo_tumor
137.318797,-125.084849,0.000000,PD-L1lo_tumor
27.126418,97.246807,0.000000,PD-L1lo_tumor
-261.589628,-42.468102,0.000000,PD-L1lo_tumor
-347.409872,-172.872041,0.000000,PD-L1lo_tumor
-19.715384,-202.255486,0.000000,PD-L1lo_tumor
-143.174098,307.247348,0.000000,PD-L1lo_tumor
13.935777,200.639173,0.000000,PD-L1lo_tumor
192.609825,41.501814,0.000000,PD-L1lo_tumor
-260.347956,-180.547986,0.000000,PD-L1lo_tumor
-169.440342,-51.448734,0.000000,PD-L1lo_tumor
-167.394621,187.620682,0.000000,PD-L1lo_tumor
91.617398,179.842474,0.000000,PD-L1lo_tumor
-71.750235,-325.157559,0.000000,PD-L1lo_tumor
-120.131122,-301.826956,0.000000,PD-L1lo_tumor
94.218816,103.034559,0.000000,PD-L1lo_tumor
-2.902384,428.738317,0.000000,PD-L1lo_tumor
-253.440335,23.806591,0.000000,PD-L1lo_tumor
-190.912522,128.465948,0.000000,PD-L1lo_tumor
391.041393,224.840416,0.000000,fixed_vessel_source
-389.854292,-72.536954,0.000000,PD-L1lo_tumor
-40.609594,-224.934844,0.000000,PD-L1lo_tumor
168.883768,-22.635587,0.000000,PD-L1lo_tumor
-24.749229,327.767831,0.000000,PD-L1lo_tumor
-244.995240,106.969902,0.000000,PD-L1lo_tumor
-811.807894,-272.326666,0.000000,fixed_vessel_source_compressed
45.990897,-98.589734,0.000000,PD-L1lo_tumor
-585.220988,-199.511899,0.000000,fixed_vessel_source
-201.304140,455.859968,0.000000,fixed_vessel_source
10.985561,-239.668450,0.000000,PD-L1lo_tumor
-364.864374,20.809906,0.000000,PD-L1lo_tumor
311.950121,-139.510513,0.000000,PD-L1lo_tumor
126.374913,289.785032,0.000000,PD-L1lo_tumor
144.994138,243.155218,0.000000,fixed_vessel_source_compressed
224.881915,-73.776382,0.000000,PD-L1lo_tumor
16.220077,233.286166,0.000000,PD-L1lo_tumor
115.928493,-53.548577,0.000000,PD-L1lo_tumor
21.346440,-157.791947,0.000000,PD-L1lo_tumor
-363.200808,-73.894471,0.000000,PD-L1lo_tumor
-167.735227,109.402549,0.000000,PD-L1lo_tumor
114.474386,-68.672637,0.000000,PD-L1lo_tumor
172.103600,-310.104837,0.000000,PD-L1lo_tumor
189.268538,-173.285887,0.000000,PD-L1lo_tumor
192.953385,-125.599997,0.000000,PD-L1lo_tumor
19.760537,-362.300949,0.000000,PD-L1lo_tumor
-386.798315,58.558642,0.000000,PD-L1lo_tumor
93.911795,326.018898,0.000000,PD-L1lo_tumor
16.186389,-387.995205,0.000000,PD-L1lo_tumor
140.177892,230.312044,0.000000,PD-L1lo_tumor
297.151281,-155.359534,0.000000,PD-L1lo_tumor
314.822079,121.993803,0.000000,PD-L1lo_tumor
301.547114,144.947539,0.000000,PD-L1lo_tumor
145.255098,-235.175474,0.000000,PD-L1lo_tumor
-348.271734,76.591528,0.000000,PD-L1lo_tumor
-86.190718,70.460236,0.000000,PD-L1lo_tumor
-158.729066,142.994756,0.000000,PD-L1lo_tumor
275.235895,75.689616,0.000000,PD-L1lo_tumor
217.001317,-174.558502,0.000000,PD-L1lo_tumor
87.238861,-208.142998,0.000000,PD-L1lo_tumor
194.893940,105.257478,0.000000,PD-L1lo_tumor
122.733101,-379.326278,0.000000,PD-L1lo_tumor
94.489713,210.709865,0.000000,PD-L1lo_tumor
-186.974486,-171.856859,0.000000,PD-L1lo_tumor
63.011425,79.227745,0.000000,PD-L1lo_tumor
165.116304,-61.573933,0.000000,PD-L1lo_tumor
188.368598,14.291445,0.000000,PD-L1lo_tumor
-149.129054,218.871713,0.000000,PD-L1lo_tumor
-282.283043,52.232268,0.000000,PD-L1lo_tumor
-224.407689,17.321209,0.000000,PD-L1lo_tumor
-108.646337,-157.165944,0.000000,PD-L1lo_tumor
-111.198796,121.271085,0.000000,PD-L1lo_tumor
-254.671567,197.887386,0.000000,PD-L1lo_tumor
107.216582,205.220569,0.000000,PD-L1lo_tumor
-96.045872,-236.805144,0.000000,PD-L1lo_tumor
561.839223,35.043515,0.000000,fixed_vessel_source
218.611090,-158.804419,0.000000,PD-L1lo_tumor
69.954812,246.333658,0.000000,PD-L1lo_tumor
21.132268,-120.106311,0.000000,PD-L1lo_tumor
-120.318536,-165.403191,0.000000,PD-L1lo_tumor
-132.309410,-171.450305,0.000000,PD-L1lo_tumor
51.140420,-184.100795,0.000000,PD-L1lo_tumor
354.066079,10.572554,0.000000,PD-L1lo_tumor
191.062801,131.087874,0.000000,PD-L1lo_tumor
209.351935,106.555463,0.000000,PD-L1lo_tumor
206.992655,38.022473,0.000000,PD-L1lo_tumor
-19.773017,-154.720162,0.000000,PD-L1lo_tumor
363.248885,177.114618,0.000000,PD-L1lo_tumor
348.892539,183.325720,0.000000,PD-L1lo_tumor
139.304504,-494.892710,0.000000,fixed_vessel_source
323.395262,-25.321756,0.000000,PD-L1lo_tumor
-484.361801,-194.086186,0.000000,fixed_vessel_source
-33.261042,218.960409,0.000000,fixed_vessel_source_compressed
274.335829,143.592608,0.000000,PD-L1lo_tumor
-270.572172,197.090003,0.000000,PD-L1lo_tumor
288.265317,137.616347,0.000000,PD-L1lo_tumor
351.757634,-37.157768,0.000000,PD-L1lo_tumor
-38.343807,-298.253753,0.000000,PD-L1lo_tumor
-161.066018,-364.531423,0.000000,PD-L1lo_tumor
188.419833,145.979984,0.000000,PD-L1lo_tumor
-104.893839,-301.208297,0.000000,PD-L1lo_tumor
289.209951,41.901740,0.000000,PD-L1lo_tumor
187.448380,187.880287,0.000000,PD-L1lo_tumor
-199.814190,141.284368,0.000000,PD-L1lo_tumor
69.768024,355.805254,0.000000,PD-L1lo_tumor
107.781329,-248.650876,0.000000,PD-L1lo_tumor
-165.839378,53.713493,0.000000,PD-L1lo_tumor
-49.614854,-16.112301,0.000000,PD-L1lo_tumor
27.815181,-445.740711,0.000000,fixed_vessel_source
286.799931,65.209901,0.000000,PD-L1lo_tumor
-120.881792,-245.512960,0.000000,PD-L1lo_tumor
-106.011911,-203.154257,0.000000,PD-L1lo_tumor
177.566579,177.721393,0.000000,PD-L1lo_tumor
-332.630752,128.593573,0.000000,PD-L1lo_tumor
377.539551,170.436550,0.000000,PD-L1lo_tumor
-3.534249,306.530074,0.000000,PD-L1lo_tumor
-195.930221,22.560061,0.000000,fixed_vessel_source_compressed
-181.078151,116.496628,0.000000,PD-L1lo_tumor
269.669155,-19.676345,0.000000,PD-L1lo_tumor
-237.568130,-179.835122,0.000000,PD-L1lo_tumor
-80.475792,56.043034,0.000000,PD-L1lo_tumor
-462.548127,-96.086388,0.000000,fixed_vessel_source
-112.222424,-315.280996,0.000000,PD-L1lo_tumor
-196.717683,-37.584745,0.000000,PD-L1lo_tumor
-141.066935,207.411512,0.000000,PD-L1lo_tumor
67.506786,-153.867207,0.000000,PD-L1lo_tumor
-342.136631,-10.171279,0.000000,PD-L1lo_tumor
4.799957,-359.090777,0.000000,PD-L1lo_tumor
-185.750101,-338.497384,0.000000,fixed_vessel_source
-353.961122,-20.149474,0.000000,PD-L1lo_tumor
50.825721,28.367448,0.000000,PD-L1lo_tumor
-92.824007,2.381569,0.000000,PD-L1lo_tumor
-76.863511,260.363656,0.000000,PD-L1lo_tumor
48.389407,124.122726,0.000000,PD-L1lo_tumor
220.042342,-143.486153,0.000000,PD-L1lo_tumor
-397.437074,-232.047103,0.000000,fixed_vessel_source
255.794468,-20.405953,0.000000,PD-L1lo_tumor
-520.683418,219.380024,0.000000,fixed_vessel_source
218.692521,44.950807,0.000000,PD-L1lo_tumor
167.448851,281.193910,0.000000,PD-L1lo_tumor
-194.659721,172.110094,0.000000,PD-L1lo_tumor
310.126773,-182.432309,0.000000,PD-L1lo_tumor
53.782858,369.467759,0.000000,PD-L1lo_tumor
-208.949065,-4.641524,0.000000,PD-L1lo_tumor
38.443489,296.496617,0.000000,PD-L1lo_tumor
298.466629,91.438952,0.000000,PD-L1lo_tumor
-334.211405,15.294839,0.000000,PD-L1lo_tumor
52.928530,-424.015599,0.000000,fixed_vessel_source
315.984654,182.425241,0.000000,PD-L1lo_tumor
-301.489756,-98.182896,0.000000,PD-L1lo_tumor
164.085489,-37.115607,0.000000,PD-L1lo_tumor
47.120909,-210.786347,0.000000,PD-L1lo_tumor
260.186979,132.857161,0.000000,fixed_vessel_source_compressed
-301.534100,76.589686,0.000000,PD-L1lo_tumor
-183.635605,161.219943,0.000000,PD-L1lo_tumor
220.309162,383.659369,0.000000,fixed_vessel_source
335.837681,235.421431,0.000000,PD-L1lo_tumor
-115.872414,249.646191,0.000000,PD-L1lo_tumor
-96.258098,236.336940,0.000000,PD-L1lo_tumor
-90.001746,470.332974,0.000000,fixed_vessel_source
-0.542076,235.644962,0.000000,PD-L1lo_tumor
111.107498,289.294672,0.000000,PD-L1lo_tumor
300.979434,159.842633,0.000000,PD-L1lo_tumor
108.332789,329.961222,0.000000,PD-L1lo_tumor
-238.719748,243.858041,0.000000,PD-L1lo_tumor
-118.944303,31.896493,0.000000,PD-L1lo_tumor
214.671307,120.880937,0.000000,PD-L1lo_tumor
233.886781,321.174915,0.000000,fixed_vessel_source_compressed
216.069509,149.551061,0.000000,fixed_vessel_source_compressed
-45.654949,-210.005820,0.000000,PD-L1lo_tumor
255.750960,232.122721,0.000000,PD-L1lo_tumor
133.173788,207.934286,0.000000,PD-L1lo_tumor
144.545946,-297.656682,0.000000,PD-L1lo_tumor
310.548107,-16.733785,0.000000,PD-L1lo_tumor
175.579034,254.331111,0.000000,PD-L1lo_tumor
2.859699,336.549945,0.000000,PD-L1lo_tumor
75.116235,340.986995,0.000000,PD-L1lo_tumor
238.779616,105.116646,0.000000,PD-L1lo_tumor
-411.093757,-269.738014,0.000000,fixed_vessel_source
3.189657,135.013270,0.000000,PD-L1lo_tumor
323.683215,-82.920111,0.000000,PD-L1lo_tumor
123.681108,-209.415603,0.000000,PD-L1lo_tumor
265.188418,-236.144642,0.000000,PD-L1lo_tumor
-282.279212,-186.137186,0.000000,PD-L1lo_tumor
-57.886004,-28.634333,0.000000,PD-L1lo_tumor
154.789087,-329.550325,0.000000,PD-L1lo_tumor
-767.561382,-249.040487,0.000000,fixed_vessel_source_compressed
-73.885710,-246.866468,0.000000,PD-L1lo_tumor
263.351357,-34.238644,0.000000,PD-L1lo_tumor
-429.808454,62.822242,0.000000,fixed_vessel_source
102.898303,75.285629,0.000000,PD-L1lo_tumor
105.142567,-12.739852,0.000000,PD-L1lo_tumor
-259.550778,112.479447,0.000000,PD-L1lo_tumor
301.404004,74.072291,0.000000,PD-L1lo_tumor
220.986428,-208.299167,0.000000,PD-L1lo_tumor
-29.648031,313.166394,0.000000,PD-L1lo_tumor
288.303259,80.507075,0.000000,PD-L1lo_tumor
230.343315,122.772689,0.000000,PD-L1lo_tumor
-8.641431,-297.921087,0.000000,PD-L1lo_tumor
-114.639898,168.534571,0.000000,PD-L1lo_tumor
-347.438134,109.262920,0.000000,PD-L1lo_tumor
40.952841,-345.981015,0.000000,PD-L1lo_tumor
365.822913,206.392314,0.000000,PD-L1lo_tumor
-97.598634,-287.363786,0.000000,PD-L1lo_tumor
206.045696,-149.373177,0.000000,PD-L1lo_tumor
-197.282097,48.647840,0.000000,PD-L1lo_tumor
192.173662,-156.820215,0.000000,PD-L1lo_tumor
364.890243,109.896988,0.000000,PD-L1lo_tumor
-40.844353,-119.919911,0.000000,PD-L1lo_tumor
260.219818,-265.042686,0.000000,PD-L1lo_tumor
-263.582429,-148.570166,0.000000,PD-L1lo_tumor
75.425898,-168.530653,0.000000,PD-L1lo_tumor
-387.821707,-400.707481,0.000000,fixed_vessel_source
-163.711460,-175.535429,0.000000,PD-L1lo_tumor
31.174377,-131.311067,0.000000,PD-L1lo_tumor
-154.236123,-146.255186,0.000000,PD-L1lo_tumor
-267.474105,78.902192,0.000000,PD-L1lo_tumor
-97.888476,-26.496300,0.000000,PD-L1lo_tumor
-71.178772,97.809522,0.000000,PD-L1lo_tumor
14.584523,-335.644095,0.000000,PD-L1lo_tumor
228.866824,-22.428436,0.000000,PD-L1lo_tumor
-314.750793,-55.618949,0.000000,PD-L1lo_tumor
260.896925,150.956017,0.000000,PD-L1lo_tumor
-379.467807,-33.936200,0.000000,PD-L1lo_tumor
-118.445067,-130.938468,0.000000,PD-L1lo_tumor
25.482972,358.983952,0.000000,PD-L1lo_tumor
360.128747,25.136637,0.000000,PD-L1lo_tumor
209.792872,-68.315885,0.000000,PD-L1lo_tumor
301.498453,129.537633,0.000000,PD-L1lo_tumor
-170.201719,-18.686907,0.000000,PD-L1lo_tumor
-396.366487,-35.928896,0.000000,fixed_vessel_source
-9.532779,-226.750705,0.000000,PD-L1lo_tumor
41.761630,138.156808,0.000000,PD-L1lo_tumor
361.882043,51.633344,0.000000,PD-L1lo_tumor
-597.672151,307.838083,0.000000,fixed_vessel_source
-36.748014,86.393765,0.000000,PD-L1lo_tumor
147.003423,-376.981862,0.000000,PD-L1lo_tumor
-198.942272,73.492013,0.000000,PD-L1lo_tumor
-74.453797,-16.850240,0.000000,PD-L1lo_tumor
-286.102706,119.307679,0.000000,PD-L1lo_tumor
-155.097377,198.350443,0.000000,PD-L1lo_tumor
-89.541084,359.314870,0.000000,PD-L1lo_tumor
316.544253,-111.937218,0.000000,PD-L1lo_tumor
-271.855700,-251.739563,0.000000,PD-L1lo_tumor
-199.601999,115.383180,0.000000,PD-L1lo_tumor
343.267459,261.415893,0.000000,fixed_vessel_source
39.065148,366.306745,0.000000,PD-L1lo_tumor
95.240868,196.385506,0.000000,PD-L1lo_tumor
100.881345,277.637792,0.000000,PD-L1lo_tumor
71.902599,138.458193,0.000000,PD-L1lo_tumor
-91.698861,333.864703,0.000000,PD-L1lo_tumor
-86.558844,374.126623,0.000000,PD-L1lo_tumor
199.564649,-259.683399,0.000000,PD-L1lo_tumor
-255.789464,127.728546,0.000000,PD-L1lo_tumor
-286.297819,-124.566584,0.000000,PD-L1lo_tumor
-89.858123,-300.670253,0.000000,PD-L1lo_tumor
160.783113,157.364933,0.000000,PD-L1lo_tumor
-114.592890,376.138418,0.000000,PD-L1lo_tumor
-50.598158,-261.968501,0.000000,PD-L1lo_tumor
270.463130,-5.027685,0.000000,PD-L1lo_tumor
337.432173,-48.661668,0.000000,PD-L1lo_tumor
-96.617302,-261.545867,0.000000,PD-L1lo_tumor
-62.595721,-14.005377,0.000000,PD-L1lo_tumor
91.399563,-88.710594,0.000000,PD-L1lo_tumor
85.060474,-181.342984,0.000000,PD-L1lo_tumor
-345.266403,137.664998,0.000000,PD-L1lo_tumor
-51.612453,352.726581,0.000000,PD-L1lo_tumor
-34.235375,-15.476098,0.000000,PD-L1lo_tumor
-116.232832,322.686913,0.000000,PD-L1lo_tumor
-265.320771,-266.149252,0.000000,PD-L1lo_tumor
69.307310,279.729136,0.000000,PD-L1lo_tumor
-346.728002,123.019179,0.000000,PD-L1lo_tumor
-14.665420,-382.881595,0.000000,PD-L1lo_tumor
-145.078946,29.795265,0.000000,PD-L1lo_tumor
-320.542933,-223.497086,0.000000,fixed_vessel_source
72.595129,313.106937,0.000000,PD-L1lo_tumor
-31.111200,-213.098188,0.000000,PD-L1lo_tumor
26.570179,136.503826,0.000000,PD-L1lo_tumor
-149.960375,-168.288945,0.000000,PD-L1lo_tumor
114.252854,225.752512,0.000000,PD-L1lo_tumor
138.526659,15.579418,0.000000,PD-L1lo_tumor
-71.610157,72.281518,0.000000,PD-L1lo_tumor
-140.512143,-49.503954,0.000000,PD-L1lo_tumor
289.138584,197.602199,0.000000,PD-L1lo_tumor
-156.228483,-43.205071,0.000000,PD-L1lo_tumor
-421.098939,-302.595509,0.000000,fixed_vessel_source
-274.980956,109.004242,0.000000,PD-L1lo_tumor
43.490153,194.578249,0.000000,PD-L1lo_tumor
46.068602,-440.270097,0.000000,fixed_vessel_source
156.364019,-311.909815,0.000000,PD-L1lo_tumor
339.427441,37.446229,0.000000,PD-L1lo_tumor
-22.339420,-292.914011,0.000000,PD-L1lo_tumor
145.037643,-341.900651,0.000000,PD-L1lo_tumor
-88.779958,-248.539060,0.000000,PD-L1lo_tumor
289.639572,-192.775751,0.000000,PD-L1lo_tumor
-9.556772,221.955076,0.000000,PD-L1lo_tumor
204.182080,50.609322,0.000000,PD-L1lo_tumor
245.093823,51.126800,0.000000,PD-L1lo_tumor
-275.375675,65.704494,0.000000,PD-L1lo_tumor
-145.938680,-66.352828,0.000000,PD-L1lo_tumor
24.677881,-0.930620,0.000000,PD-L1lo_tumor
261.813980,-49.798612,0.000000,PD-L1lo_tumor
-291.377248,-86.043969,0.000000,PD-L1lo_tumor
-245.607058,-123.317464,0.000000,PD-L1lo_tumor
261.368454,167.107656,0.000000,PD-L1lo_tumor
170.915135,-7.452433,0.000000,PD-L1lo_tumor
-236.170291,-164.640007,0.000000,PD-L1lo_tumor
186.503110,263.595938,0.000000,PD-L1lo_tumor
-988.793943,-365.471384,0.000000,fixed_vessel_source_compressed
0.653441,-385.753282,0.000000,PD-L1lo_tumor
-107.712504,-101.416155,0.000000,PD-L1lo_tumor
-37.832363,-164.818968,0.000000,PD-L1lo_tumor
221.405810,296.144493,0.000000,PD-L1lo_tumor
-65.011813,-348.287319,0.000000,PD-L1lo_tumor
160.312301,244.096232,0.000000,PD-L1lo_tumor
247.221121,-261.527769,0.000000,PD-L1lo_tumor
199.649447,4.910669,0.000000,PD-L1lo_tumor
286.189990,-166.223285,0.000000,PD-L1lo_tumor
-159.288119,76.577480,0.000000,PD-L1lo_tumor
-202.717604,287.014690,0.000000,PD-L1lo_tumor
33.866791,53.910285,0.000000,PD-L1lo_tumor
-82.674935,-185.124115,0.000000,PD-L1lo_tumor
-121.001414,-274.158960,0.000000,PD-L1lo_tumor
263.101365,86.266470,0.000000,PD-L1lo_tumor
-703.452990,-179.567897,0.000000,fixed_vessel_source
513.099008,97.961931,0.000000,fixed_vessel_source
-363.061271,-89.386725,0.000000,PD-L1lo_tumor
-279.445035,149.564152,0.000000,PD-L1lo_tumor
221.032201,-59.845352,0.000000,PD-L1lo_tumor
167.981106,-124.151179,0.000000,PD-L1lo_tumor
118.958443,-194.687657,0.000000,PD-L1lo_tumor
-217.532813,291.164706,0.000000,PD-L1lo_tumor
-105.471934,-187.667540,0.000000,PD-L1lo_tumor
250.022819,-229.868638,0.000000,PD-L1lo_tumor
226.033947,19.610213,0.000000,PD-L1lo_tumor
89.141944,-68.975192,0.000000,PD-L1lo_tumor
205.567839,133.333068,0.000000,PD-L1lo_tumor
-122.069603,134.767190,0.000000,PD-L1lo_tumor
-214.466617,276.338382,0.000000,PD-L1lo_tumor
181.181935,-115.704665,0.000000,PD-L1lo_tumor
-183.113045,-45.092833,0.000000,PD-L1lo_tumor
15.687561,-254.416542,0.000000,PD-L1lo_tumor
-56.867153,71.926513,0.000000,PD-L1lo_tumor
147.023694,203.449915,0.000000,PD-L1lo_tumor
225.466080,-8.642478,0.000000,PD-L1lo_tumor
-106.864250,40.638170,0.000000,PD-L1lo_tumor
152.438099,-126.983540,0.000000,PD-L1lo_tumor
148.404270,-37.601973,0.000000,PD-L1lo_tumor
-20.316741,-368.691291,0.000000,PD-L1lo_tumor
-20.154349,211.285297,0.000000,PD-L1lo_tumor
-280.832561,-367.729652,0.000000,fixed_vessel_source
54.381071,282.967714,0.000000,fixed_vessel_source_compressed
-69.639097,152.400939,0.000000,PD-L1lo_tumor
7.900620,296.177513,0.000000,PD-L1lo_tumor
-31.799478,138.678284,0.000000,PD-L1lo_tumor
108.096012,190.338839,0.000000,PD-L1lo_tumor
250.283394,-212.126645,0.000000,PD-L1lo_tumor
139.510468,-327.223643,0.000000,PD-L1lo_tumor
305.083000,231.648673,0.000000,PD-L1lo_tumor
306.513641,-62.793056,0.000000,PD-L1lo_tumor
-345.678011,3.963480,0.000000,PD-L1lo_tumor
134.852310,194.525003,0.000000,PD-L1lo_tumor
-376.717738,-80.556944,0.000000,PD-L1lo_tumor
212.850794,-254.128184,0.000000,PD-L1lo_tumor
161.454761,-240.693377,0.000000,PD-L1lo_tumor
147.668141,-112.729044,0.000000,PD-L1lo_tumor
128.454838,-165.337450,0.000000,PD-L1lo_tumor
-144.356846,-116.926080,0.000000,PD-L1lo_tumor
-161.304521,173.060247,0.000000,PD-L1lo_tumor
-48.925870,-41.780865,0.000000,PD-L1lo_tumor
-241.566585,121.520416,0.000000,PD-L1lo_tumor
317.359309,-96.660125,0.000000,PD-L1lo_tumor
43.841949,241.650463,0.000000,PD-L1lo_tumor
-59.889960,-273.954407,0.000000,PD-L1lo_tumor
113.900535,-263.611361,0.000000,PD-L1lo_tumor
-223.530227,2.200631,0.000000,PD-L1lo_tumor
-376.071986,-65.543233,0.000000,PD-L1lo_tumor
137.470868,300.011281,0.000000,PD-L1lo_tumor
-131.592774,-189.578128,0.000000,PD-L1lo_tumor
278.331602,-30.780016,0.000000,PD-L1lo_tumor
-285.570241,-31.483177,0.000000,PD-L1lo_tumor
-296.076039,158.823585,0.000000,PD-L1lo_tumor
-124.184737,262.294612,0.000000,PD-L1lo_tumor
-374.515720,-457.374862,0.000000,fixed_vessel_source
275.987014,-44.924101,0.000000,PD-L1lo_tumor
123.515322,184.936129,0.000000,PD-L1lo_tumor
-4.790310,-151.725171,0.000000,PD-L1lo_tumor
185.221516,-318.762368,0.000000,PD-L1lo_tumor
189.292588,-270.965866,0.000000,PD-L1lo_tumor
-125.124445,207.370594,0.000000,PD-L1lo_tumor
65.096360,-186.724283,0.000000,PD-L1lo_tumor
-153.213553,-351.433303,0.000000,PD-L1lo_tumor
102.804117,237.159467,0.000000,PD-L1lo_tumor
-350.664520,-65.118456,0.000000,PD-L1lo_tumor
115.351566,274.786790,0.000000,PD-L1lo_tumor
185.523864,-101.456024,0.000000,PD-L1lo_tumor
-102.253544,222.560131,0.000000,PD-L1lo_tumor
-66.207793,309.040746,0.000000,PD-L1lo_tumor
251.975488,22.557699,0.000000,PD-L1lo_tumor
206.069143,-54.384678,0.000000,PD-L1lo_tumor
-147.630776,0.883923,0.000000,PD-L1lo_tumor
233.269370,-136.278006,0.000000,PD-L1lo_tumor
-31.891859,-145.163283,0.000000,PD-L1lo_tumor
-237.893778,31.972186,0.000000,PD-L1lo_tumor
213.161396,239.919106,0.000000,PD-L1lo_tumor
-108.452032,263.715712,0.000000,PD-L1lo_tumor
-108.550908,208.867259,0.000000,PD-L1lo_tumor
-58.220455,36.711176,0.000000,PD-L1lo_tumor
43.738099,380.914635,0.000000,PD-L1lo_tumor
-282.224059,-297.370818,0.000000,PD-L1lo_tumor
55.061156,355.580129,0.000000,PD-L1lo_tumor
-105.043805,25.147879,0.000000,PD-L1lo_tumor
378.808574,138.789222,0.000000,PD-L1lo_tumor
-263.390970,210.524710,0.000000,PD-L1lo_tumor
46.060496,226.207822,0.000000,PD-L1lo_tumor
-104.281742,-12.136027,0.000000,PD-L1lo_tumor
-223.193326,-62.854494,0.000000,PD-L1lo_tumor
-144.313866,336.411474,0.000000,PD-L1lo_tumor
-104.635405,178.307300,0.000000,PD-L1lo_tumor
279.795815,-180.155883,0.000000,PD-L1lo_tumor
-24.736718,-26.804358,0.000000,PD-L1lo_tumor
-66.508286,-234.035704,0.000000,PD-L1lo_tumor
342.867919,-23.510530,0.000000,PD-L1lo_tumor
-388.683112,-22.834442,0.000000,PD-L1lo_tumor
-99.943378,-113.538380,0.000000,PD-L1lo_tumor
-25.834737,-354.397697,0.000000,PD-L1lo_tumor
200.052238,-78.367632,0.000000,PD-L1lo_tumor
-94.461038,-151.706478,0.000000,PD-L1lo_tumor
-173.077385,-122.942191,0.000000,PD-L1lo_tumor
248.704671,-43.030221,0.000000,PD-L1lo_tumor
-267.031231,138.855917,0.000000,PD-L1lo_tumor
148.256579,-357.425740,0.000000,PD-L1lo_tumor
-379.702906,-12.512744,0.000000,PD-L1lo_tumor
-409.719743,42.167259,0.000000,PD-L1lo_tumor
-115.210225,1.444133,0.000000,PD-L1lo_tumor
-196.601768,-112.288514,0.000000,PD-L1lo_tumor
-248.022740,-230.968773,0.000000,PD-L1lo_tumor
9.740103,-148.449816,0.000000,PD-L1lo_tumor
-3.784990,379.543728,0.000000,PD-L1lo_tumor
-299.329215,-55.037809,0.000000,PD-L1lo_tumor
-151.913783,295.358728,0.000000,PD-L1lo_tumor
288.531173,-98.293564,0.000000,PD-L1lo_tumor
-372.716904,63.135387,0.000000,PD-L1lo_tumor
56.313347,-249.078366,0.000000,PD-L1lo_tumor
-114.657711,-116.318072,0.000000,PD-L1lo_tumor
96.891595,250.887662,0.000000,PD-L1lo_tumor
411.988372,-362.938416,0.000000,fixed_vessel_source
-403.201977,-338.293102,0.000000,fixed_vessel_source
-269.859052,-235.463319,0.000000,PD-L1lo_tumor
-856.054406,-295.612846,0.000000,fixed_vessel_source_compressed
112.534086,-292.687753,0.000000,PD-L1lo_tumor
345.441449,23.143088,0.000000,PD-L1lo_tumor
186.635581,202.513462,0.000000,PD-L1lo_tumor
41.128296,17.784563,0.000000,PD-L1lo_tumor
-3.049634,-239.353991,0.000000,PD-L1lo_tumor
-262.778830,-164.201463,0.000000,PD-L1lo_tumor
-61.801596,331.595529,0.000000,PD-L1lo_tumor
-235.530135,-150.123617,0.000000,PD-L1lo_tumor
-308.524630,151.175231,0.000000,PD-L1lo_tumor
-47.913934,120.246866,0.000000,fixed_vessel_source_compressed
5.372800,-225.452947,0.000000,PD-L1lo_tumor
201.209020,190.693871,0.000000,PD-L1lo_tumor
-333.145591,144.682798,0.000000,PD-L1lo_tumor
-118.105661,221.162683,0.000000,PD-L1lo_tumor
-375.845766,-122.604506,0.000000,PD-L1lo_tumor
174.177689,-265.774059,0.000000,PD-L1lo_tumor
-310.497965,166.336648,0.000000,PD-L1lo_tumor
-158.300052,-120.932628,0.000000,PD-L1lo_tumor
0.190026,209.007942,0.000000,PD-L1lo_tumor
351.968802,-52.841010,0.000000,PD-L1lo_tumor
186.419574,-303.742062,0.000000,PD-L1lo_tumor
-474.023884,-53.168822,0.000000,fixed_vessel_source
-209.771205,250.605259,0.000000,PD-L1lo_tumor
-390.848734,-50.904366,0.000000,fixed_vessel_source_compressed
6.821764,-178.875566,0.000000,PD-L1lo_tumor
-723.314869,-225.754307,0.000000,fixed_vessel_source_compressed
-27.723596,-252.271572,0.000000,PD-L1lo_tumor
-266.596250,52.233159,0.000000,PD-L1lo_tumor
-261.845246,225.703649,0.000000,PD-L1lo_tumor
-197.389035,156.073161,0.000000,PD-L1lo_tumor
250.104450,37.014731,0.000000,PD-L1lo_tumor
164.078103,-187.825651,0.000000,PD-L1lo_tumor
-211.176954,-396.620215,0.000000,fixed_vessel_source
206.369293,293.285584,0.000000,PD-L1lo_tumor
79.760319,-138.330140,0.000000,PD-L1lo_tumor
27.921075,-145.522298,0.000000,PD-L1lo_tumor
177.259240,66.387231,0.000000,PD-L1lo_tumor
-337.057725,52.068251,0.000000,PD-L1lo_tumor
274.063986,-259.847330,0.000000,PD-L1lo_tumor
-9.764068,-271.127939,0.000000,PD-L1lo_tumor
-157.976862,309.947428,0.000000,PD-L1lo_tumor
-944.547431,-342.185204,0.000000,fixed_vessel_source_compressed
33.374573,28.773943,0.000000,PD-L1lo_tumor
353.237197,-4.765791,0.000000,PD-L1lo_tumor
177.387104,-279.081373,0.000000,PD-L1lo_tumor
-43.130335,-249.087106,0.000000,PD-L1lo_tumor
-145.151918,281.451293,0.000000,PD-L1lo_tumor
155.140268,230.168239,0.000000,PD-L1lo_tumor
-66.750154,112.137518,0.000000,PD-L1lo_tumor
145.108187,-264.027262,0.000000,PD-L1lo_tumor
13.111287,281.601025,0.000000,PD-L1lo_tumor
-136.461659,293.635565,0.000000,PD-L1lo_tumor
-404.758292,-59.709911,0.000000,fixed_vessel_source_compressed
-107.265430,134.367612,0.000000,PD-L1lo_tumor
119.092394,212.411257,0.000000,PD-L1lo_tumor
-210.543404,-71.292064,0.000000,PD-L1lo_tumor
-283.847039,-241.859652,0.000000,PD-L1lo_tumor
101.712272,-76.939359,0.000000,PD-L1lo_tumor
241.150883,226.808733,0.000000,PD-L1lo_tumor
330.183620,-104.691754,0.000000,PD-L1lo_tumor
-118.509959,395.286915,0.000000,PD-L1lo_tumor
-32.453844,-312.770201,0.000000,PD-L1lo_tumor
-334.545187,-362.290539,0.000000,fixed_vessel_source
-249.499375,-171.588529,0.000000,PD-L1lo_tumor
248.693862,-159.563865,0.000000,PD-L1lo_tumor
-30.032725,-380.787890,0.000000,PD-L1lo_tumor
220.881089,311.421735,0.000000,PD-L1lo_tumor
368.959657,37.640605,0.000000,PD-L1lo_tumor
100.336414,223.453659,0.000000,PD-L1lo_tumor
234.584040,288.257690,0.000000,PD-L1lo_tumor
139.127246,-249.800697,0.000000,PD-L1lo_tumor
-129.568262,-119.601903,0.000000,PD-L1lo_tumor
-50.449046,-93.534412,0.000000,PD-L1lo_tumor
349.406707,108.401946,0.000000,PD-L1lo_tumor
-204.573204,60.234701,0.000000,PD-L1lo_tumor
72.005648,-207.151489,0.000000,PD-L1lo_tumor
-247.679217,216.193417,0.000000,fixed_vessel_source_compressed
-168.711385,-350.862754,0.000000,PD-L1lo_tumor
366.076948,-59.598814,0.000000,PD-L1lo_tumor
343.392730,-67.138066,0.000000,PD-L1lo_tumor
-161.755980,211.777601,0.000000,PD-L1lo_tumor
-296.413906,-112.757148,0.000000,PD-L1lo_tumor
314.730986,194.547146,0.000000,PD-L1lo_tumor
88.315426,229.910730,0.000000,PD-L1lo_tumor
226.212506,-260.659753,0.000000,fixed_vessel_source_compressed
27.602368,192.729038,0.000000,fixed_vessel_source_compressed
-54.305697,-359.002323,0.000000,PD-L1lo_tumor
-66.457399,-311.269213,0.000000,PD-L1lo_tumor
-206.357147,302.094459,0.000000,PD-L1lo_tumor
-291.574372,64.623363,0.000000,PD-L1lo_tumor
-235.821623,46.837254,0.000000,PD-L1lo_tumor
73.434706,67.716895,0.000000,PD-L1lo_tumor
251.149650,8.109646,0.000000,PD-L1lo_tumor
-48.321445,337.998843,0.000000,PD-L1lo_tumor
288.559495,182.160765,0.000000,PD-L1lo_tumor
-134.734014,54.132678,0.000000,PD-L1lo_tumor
-266.811586,-298.842897,0.000000,PD-L1lo_tumor
-486.988595,181.962249,0.000000,fixed_vessel_source
214.136998,-82.506960,0.000000,PD-L1lo_tumor
-307.608886,-41.973203,0.000000,PD-L1lo_tumor
-230.264282,110.519078,0.000000,PD-L1lo_tumor
204.760525,-165.147136,0.000000,PD-L1lo_tumor
-223.005216,-171.381650,0.000000,PD-L1lo_tumor
288.234324,299.102370,0.000000,fixed_vessel_source_compressed
-250.256952,54.066532,0.000000,PD-L1lo_tumor
-171.014002,67.918439,0.000000,PD-L1lo_tumor
-281.747460,134.206022,0.000000,PD-L1lo_tumor
201.154784,262.899456,0.000000,PD-L1lo_tumor
-131.402941,22.984128,0.000000,PD-L1lo_tumor
-36.298446,-54.261281,0.000000,PD-L1lo_tumor
-6.350885,-197.266587,0.000000,PD-L1lo_tumor
-370.065992,-21.734460,0.000000,PD-L1lo_tumor
189.504795,55.591696,0.000000,PD-L1lo_tumor
284.462617,336.431835,0.000000,fixed_vessel_source_compressed
60.529966,-216.366626,0.000000,PD-L1lo_tumor
-223.444597,203.498465,0.000000,PD-L1lo_tumor
-276.165206,-157.199483,0.000000,PD-L1lo_tumor
-33.439155,339.450920,0.000000,PD-L1lo_tumor
-221.343056,306.049375,0.000000,PD-L1lo_tumor
274.190776,159.085753,0.000000,PD-L1lo_tumor
-36.434316,-98.945291,0.000000,PD-L1lo_tumor
156.333188,-50.147780,0.000000,PD-L1lo_tumor
67.639661,187.346498,0.000000,PD-L1lo_tumor
195.331673,-9.338409,0.000000,PD-L1lo_tumor
-222.300897,-142.825169,0.000000,PD-L1lo_tumor
0.826116,-253.761077,0.000000,PD-L1lo_tumor
-500.257639,-163.091607,0.000000,fixed_vessel_source
-312.831089,2.656850,0.000000,fixed_vessel_source_compressed
134.517837,315.170614,0.000000,PD-L1lo_tumor
72.323911,-23.475475,0.000000,PD-L1lo_tumor
5.977853,-163.277751,0.000000,PD-L1lo_tumor
-197.828176,100.034911,0.000000,PD-L1lo_tumor
-237.176404,-255.837926,0.000000,PD-L1lo_tumor
59.861328,-90.530096,0.000000,PD-L1lo_tumor
274.562424,174.786069,0.000000,PD-L1lo_tumor
210.490141,179.606351,0.000000,PD-L1lo_tumor
-3.797721,-38.134672,0.000000,PD-L1lo_tumor
-322.985156,156.922674,0.000000,PD-L1lo_tumor
67.052226,-257.884084,0.000000,PD-L1lo_tumor
-96.828466,-314.633909,0.000000,PD-L1lo_tumor
277.270469,90.816824,0.000000,PD-L1lo_tumor
-246.018043,-108.312887,0.000000,PD-L1lo_tumor
23.168748,293.506171,0.000000,PD-L1lo_tumor
68.758708,371.206150,0.000000,PD-L1lo_tumor
-113.749428,-392.985483,0.000000,fixed_vessel_source
-294.140698,143.504086,0.000000,PD-L1lo_tumor
186.185150,29.134146,0.000000,PD-L1lo_tumor
-110.331858,309.829921,0.000000,PD-L1lo_tumor
350.674128,167.943770,0.000000,PD-L1lo_tumor
-268.850629,169.316821,0.000000,PD-L1lo_tumor
227.288325,-238.672985,0.000000,PD-L1lo_tumor
44.256288,-276.677983,0.000000,PD-L1lo_tumor
-179.641700,-136.855477,0.000000,PD-L1lo_tumor
77.586516,81.413068,0.000000,PD-L1lo_tumor
-338.290225,88.951393,0.000000,PD-L1lo_tumor
-126.495322,-48.909918,0.000000,PD-L1lo_tumor
158.147075,-226.260522,0.000000,PD-L1lo_tumor
377.270446,49.870864,0.000000,PD-L1lo_tumor
407.304013,171.541737,0.000000,PD-L1lo_tumor
180.749299,-243.145193,0.000000,PD-L1lo_tumor
-148.490943,-264.355912,0.000000,PD-L1lo_tumor
-249.595617,-157.380661,0.000000,PD-L1lo_tumor
-182.715541,-30.683013,0.000000,PD-L1lo_tumor
-223.604602,-80.086615,0.000000,PD-L1lo_tumor
127.905730,-76.278642,0.000000,PD-L1lo_tumor
-211.030473,-54.053374,0.000000,PD-L1lo_tumor
246.361020,145.163717,0.000000,PD-L1lo_tumor
99.829430,117.884498,0.000000,PD-L1lo_tumor
-270.649868,123.602115,0.000000,PD-L1lo_tumor
-196.360991,-159.098354,0.000000,PD-L1lo_tumor
-645.210359,-186.883424,0.000000,fixed_vessel_source_compressed
-109.322846,81.884067,0.000000,PD-L1lo_tumor
639.233020,-28.827152,0.000000,fixed_vessel_source
-134.704002,-267.503761,0.000000,PD-L1lo_tumor
284.323372,-70.167489,0.000000,PD-L1lo_tumor
-335.865675,67.440295,0.000000,PD-L1lo_tumor
-65.922878,59.626633,0.000000,PD-L1lo_tumor
-271.645282,93.845385,0.000000,fixed_vessel_source_compressed
193.113995,-141.274640,0.000000,PD-L1lo_tumor
16.630782,214.755475,0.000000,PD-L1lo_tumor
21.728790,-320.871612,0.000000,PD-L1lo_tumor
398.359351,159.426501,0.000000,PD-L1lo_tumor
-18.015475,-240.194545,0.000000,PD-L1lo_tumor
169.082983,226.703997,0.000000,PD-L1lo_tumor
-588.089583,-156.598753,0.000000,fixed_vessel_source_compressed
-232.746879,-115.637490,0.000000,PD-L1lo_tumor
440.961187,76.593613,0.000000,PD-L1lo_tumor
336.357739,174.097228,0.000000,PD-L1lo_tumor
187.544384,-288.759047,0.000000,PD-L1lo_tumor
-334.400761,-173.671008,0.000000,PD-L1lo_tumor
-63.590739,85.073221,0.000000,PD-L1lo_tumor
80.986871,95.798282,0.000000,PD-L1lo_tumor
-351.922949,-159.377673,0.000000,PD-L1lo_tumor
274.554770,-194.514687,0.000000,PD-L1lo_tumor
293.567691,17.746569,0.000000,PD-L1lo_tumor
-327.457653,-14.785227,0.000000,PD-L1lo_tumor
-160.500336,282.691569,0.000000,PD-L1lo_tumor
203.525105,-421.605047,0.000000,fixed_vessel_source
42.138832,41.053776,0.000000,PD-L1lo_tumor
224.102617,108.761982,0.000000,PD-L1lo_tumor
-149.026613,-131.978410,0.000000,PD-L1lo_tumor
-339.350246,-24.966300,0.000000,PD-L1lo_tumor
-269.013204,-192.455501,0.000000,PD-L1lo_tumor
-69.094981,-189.792740,0.000000,PD-L1lo_tumor
-6.886676,291.433135,0.000000,PD-L1lo_tumor
77.337865,43.859108,0.000000,PD-L1lo_tumor
-153.799312,268.729505,0.000000,PD-L1lo_tumor
159.900106,214.970866,0.000000,PD-L1lo_tumor
-503.656728,17.671274,0.000000,fixed_vessel_source
-157.503997,158.231216,0.000000,PD-L1lo_tumor
220.739254,134.646843,0.000000,PD-L1lo_tumor
226.541030,5.356452,0.000000,PD-L1lo_tumor
234.666304,303.973185,0.000000,PD-L1lo_tumor
-2.983299,-284.930991,0.000000,PD-L1lo_tumor
-81.777097,-313.721305,0.000000,PD-L1lo_tumor
32.353045,-168.407597,0.000000,PD-L1lo_tumor
-123.371181,300.323185,0.000000,PD-L1lo_tumor
119.883527,319.938775,0.000000,PD-L1lo_tumor
325.817387,254.100685,0.000000,fixed_vessel_source_compressed
20.306026,-225.440948,0.000000,PD-L1lo_tumor
235.657178,-49.823415,0.000000,PD-L1lo_tumor
261.278317,182.645224,0.000000,PD-L1lo_tumor
-232.057134,230.768890,0.000000,PD-L1lo_tumor
-236.514944,-242.563961,0.000000,PD-L1lo_tumor
239.355713,26.933480,0.000000,PD-L1lo_tumor
148.932183,148.198692,0.000000,PD-L1lo_tumor
-4.876393,-371.105684,0.000000,PD-L1lo_tumor
110.432007,134.198038,0.000000,PD-L1lo_tumor
129.767937,-237.529721,0.000000,PD-L1lo_tumor
273.421778,-59.643187,0.000000,PD-L1lo_tumor
377.029899,280.220736,0.000000,fixed_vessel_source_compressed
5.195063,222.922145,0.000000,PD-L1lo_tumor
174.127928,-295.216908,0.000000,PD-L1lo_tumor
333.238250,-13.374581,0.000000,PD-L1lo_tumor
330.976818,22.413193,0.000000,PD-L1lo_tumor
-221.602156,-12.438202,0.000000,PD-L1lo_tumor
12.696643,347.036123,0.000000,PD-L1lo_tumor
-101.029177,111.619214,0.000000,PD-L1lo_tumor
-88.981109,-13.328792,0.000000,PD-L1lo_tumor
39.722846,110.221982,0.000000,PD-L1lo_tumor
241.311379,-14.554468,0.000000,PD-L1lo_tumor
18.069737,27.663367,0.000000,PD-L1lo_tumor
291.941568,-82.994703,0.000000,PD-L1lo_tumor
-211.112932,10.772755,0.000000,PD-L1lo_tumor
131.735146,-222.562933,0.000000,PD-L1lo_tumor
-65.791992,346.629588,0.000000,PD-L1lo_tumor
35.139505,-362.037462,0.000000,PD-L1lo_tumor
-2.387730,-212.372459,0.000000,PD-L1lo_tumor
298.081575,218.135556,0.000000,PD-L1lo_tumor
72.827733,231.449257,0.000000,PD-L1lo_tumor
39.412224,352.215678,0.000000,PD-L1lo_tumor
-68.464379,25.698850,0.000000,PD-L1lo_tumor
292.178684,-1.859766,0.000000,PD-L1lo_tumor
-107.734418,-142.422788,0.000000,PD-L1lo_tumor
-697.896676,-206.176064,0.000000,fixed_vessel_source_compressed
371.520369,124.284345,0.000000,PD-L1lo_tumor
-322.839688,58.871550,0.000000,PD-L1lo_tumor
-349.700062,-80.785073,0.000000,PD-L1lo_tumor
-238.954278,-135.974548,0.000000,PD-L1lo_tumor
-559.177961,263.609042,0.000000,fixed_vessel_source
-146.562837,44.063407,0.000000,PD-L1lo_tumor
-200.588397,-378.936685,0.000000,fixed_vessel_source
-362.730164,51.731098,0.000000,PD-L1lo_tumor
-164.131154,-134.444849,0.000000,PD-L1lo_tumor
-282.766595,-226.356897,0.000000,PD-L1lo_tumor
194.514754,-64.006712,0.000000,PD-L1lo_tumor
55.575025,110.463116,0.000000,PD-L1lo_tumor
-378.551821,158.450632,0.000000,fixed_vessel_source
-259.690870,66.008446,0.000000,PD-L1lo_tumor
185.006778,-256.603905,0.000000,PD-L1lo_tumor
170.020056,-252.849245,0.000000,PD-L1lo_tumor
-14.478580,317.281654,0.000000,PD-L1lo_tumor
37.764556,-181.533636,0.000000,PD-L1lo_tumor
-236.717010,-54.657372,0.000000,PD-L1lo_tumor
181.124585,103.481368,0.000000,PD-L1lo_tumor
-387.316151,-356.394120,0.000000,fixed_vessel_source
177.981621,45.508554,0.000000,PD-L1lo_tumor
-77.275239,-339.408038,0.000000,PD-L1lo_tumor
-610.114560,-200.507165,0.000000,fixed_vessel_source
-239.418982,204.378550,0.000000,PD-L1lo_tumor
41.439315,-196.335955,0.000000,PD-L1lo_tumor
133.698329,168.455695,0.000000,PD-L1lo_tumor
-338.746644,157.695318,0.000000,PD-L1lo_tumor
409.455100,-70.243444,0.000000,fixed_vessel_source
314.787148,153.147903,0.000000,PD-L1lo_tumor
38.494131,-156.043153,0.000000,PD-L1lo_tumor
213.239206,10.839176,0.000000,PD-L1lo_tumor
-231.133328,154.001788,0.000000,PD-L1lo_tumor
122.393150,304.643294,0.000000,PD-L1lo_tumor
-272.533141,-174.970223,0.000000,PD-L1lo_tumor
-12.509658,2.452175,0.000000,PD-L1lo_tumor
-90.927766,212.294779,0.000000,PD-L1lo_tumor
83.437128,56.554109,0.000000,PD-L1lo_tumor
-98.531337,347.098455,0.000000,PD-L1lo_tumor
-336.792911,-196.169808,0.000000,PD-L1lo_tumor
-151.908251,-218.878462,0.000000,PD-L1lo_tumor
135.505620,154.723833,0.000000,PD-L1lo_tumor
-81.494513,-232.788640,0.000000,PD-L1lo_tumor
-330.283639,170.520165,0.000000,PD-L1lo_tumor
270.701601,-167.441811,0.000000,PD-L1lo_tumor
277.234929,-87.630402,0.000000,PD-L1lo_tumor
216.670966,-223.223382,0.000000,PD-L1lo_tumor
-202.186502,-173.558823,0.000000,PD-L1lo_tumor
264.838919,-206.021413,0.000000,PD-L1lo_tumor
-219.853031,-218.496090,0.000000,PD-L1lo_tumor
-87.397631,-327.746962,0.000000,PD-L1lo_tumor
-107.430847,334.597544,0.000000,PD-L1lo_tumor
311.372606,245.445205,0.000000,PD-L1lo_tumor
-432.705024,-8.092693,0.000000,PD-L1lo_tumor
113.402649,-164.209214,0.000000,PD-L1lo_tumor
-169.530302,-36.025348,0.000000,PD-L1lo_tumor
309.223282,-31.753220,0.000000,PD-L1lo_tumor
-102.030182,96.327239,0.000000,PD-L1lo_tumor
-40.939461,-351.689041,0.000000,PD-L1lo_tumor
-257.761798,-132.556523,0.000000,PD-L1lo_tumor
10.321007,-373.858128,0.000000,PD-L1lo_tumor
-78.941191,84.324144,0.000000,PD-L1lo_tumor
305.463392,-46.576997,0.000000,PD-L1lo_tumor
-24.279150,-172.556163,0.000000,PD-L1lo_tumor
-147.396472,321.587346,0.000000,PD-L1lo_tumor
179.161595,-148.593212,0.000000,PD-L1lo_tumor
232.595065,37.788187,0.000000,PD-L1lo_tumor
92.531801,265.539320,0.000000,PD-L1lo_tumor
-46.724736,208.226008,0.000000,PD-L1lo_tumor
-120.814768,-207.301426,0.000000,PD-L1lo_tumor
355.882971,122.510208,0.000000,PD-L1lo_tumor
147.268017,161.692247,0.000000,PD-L1lo_tumor
393.810560,144.699630,0.000000,PD-L1lo_tumor
193.005855,174.808033,0.000000,PD-L1lo_tumor
26.195033,-375.936862,0.000000,PD-L1lo_tumor
-185.621101,-314.526489,0.000000,fixed_vessel_source_compressed
-132.448476,38.718311,0.000000,PD-L1lo_tumor
155.323110,273.283542,0.000000,PD-L1lo_tumor
343.496326,94.036530,0.000000,PD-L1lo_tumor
595.746256,14.399283,0.000000,fixed_vessel_source
-202.890236,-421.990905,0.000000,fixed_vessel_source
-102.620057,278.994717,0.000000,PD-L1lo_tumor
290.619105,-40.491684,0.000000,PD-L1lo_tumor
-272.068530,-315.607931,0.000000,fixed_vessel_source
-307.321420,62.185586,0.000000,PD-L1lo_tumor
470.997161,145.906988,0.000000,fixed_vessel_source
209.299929,-117.397523,0.000000,PD-L1lo_tumor
74.963354,-94.011928,0.000000,PD-L1lo_tumor
-81.009867,-260.981278,0.000000,PD-L1lo_tumor
427.914491,197.618286,0.000000,fixed_vessel_source
287.677261,152.146013,0.000000,PD-L1lo_tumor
336.515858,-91.013083,0.000000,PD-L1lo_tumor
-330.722848,0.372808,0.000000,PD-L1lo_tumor
32.187722,207.912389,0.000000,PD-L1lo_tumor
76.756636,175.037576,0.000000,PD-L1lo_tumor
371.022717,295.905201,0.000000,fixed_vessel_source_compressed
231.893960,-36.251436,0.000000,PD-L1lo_tumor
23.618420,112.147233,0.000000,PD-L1lo_tumor
-333.575572,113.328038,0.000000,PD-L1lo_tumor
73.560223,-64.870748,0.000000,PD-L1lo_tumor
-126.294546,-152.912078,0.000000,PD-L1lo_tumor
232.963222,-152.119073,0.000000,PD-L1lo_tumor
-171.641258,151.794892,0.000000,PD-L1lo_tumor
-193.852952,86.163480,0.000000,PD-L1lo_tumor
-144.466021,15.177982,0.000000,PD-L1lo_tumor
-117.862505,16.320244,0.000000,PD-L1lo_tumor
141.428359,268.709049,0.000000,PD-L1lo_tumor
-85.078417,155.113472,0.000000,PD-L1lo_tumor
-176.723376,174.935560,0.000000,PD-L1lo_tumor
-105.543152,-274.084043,0.000000,PD-L1lo_tumor
84.493277,161.863713,0.000000,PD-L1lo_tumor
-174.411632,-163.692963,0.000000,PD-L1lo_tumor
18.588268,-171.417176,0.000000,PD-L1lo_tumor
275.138283,190.158902,0.000000,PD-L1lo_tumor
-169.710239,12.731114,0.000000,PD-L1lo_tumor
-83.533860,-358.162095,0.000000,PD-L1lo_tumor
273.714279,57.222375,0.000000,PD-L1lo_tumor
-133.963886,-78.192932,0.000000,PD-L1lo_tumor
-374.902502,-49.879424,0.000000,fixed_vessel_source_compressed
173.719091,-96.547158,0.000000,PD-L1lo_tumor
320.373924,233.033717,0.000000,PD-L1lo_tumor
-105.072565,-248.972983,0.000000,PD-L1lo_tumor
-350.032698,60.902978,0.000000,PD-L1lo_tumor
96.395422,-259.171897,0.000000,PD-L1lo_tumor
97.211776,134.309866,0.000000,PD-L1lo_tumor
-186.096525,-359.216200,0.000000,fixed_vessel_source
-261.099278,184.004893,0.000000,PD-L1lo_tumor
-223.239811,243.185751,0.000000,PD-L1lo_tumor
173.542524,164.543870,0.000000,PD-L1lo_tumor
-147.149232,127.484541,0.000000,PD-L1lo_tumor
16.293513,330.804154,0.000000,PD-L1lo_tumor
58.221353,235.876558,0.000000,PD-L1lo_tumor
-286.600559,-100.993381,0.000000,PD-L1lo_tumor
-162.469569,123.784332,0.000000,fixed_vessel_source_compressed
269.789031,-74.745697,0.000000,PD-L1lo_tumor
-100.523068,251.068592,0.000000,PD-L1lo_tumor
-225.643764,165.963165,0.000000,PD-L1lo_tumor
-276.691246,-89.396233,0.000000,PD-L1lo_tumor
55.810870,251.302431,0.000000,PD-L1lo_tumor
-76.669359,331.230051,0.000000,PD-L1lo_tumor
122.976354,-250.946786,0.000000,PD-L1lo_tumor
147.605571,256.678991,0.000000,PD-L1lo_tumor
-85.585560,247.414470,0.000000,PD-L1lo_tumor
125.322720,236.032427,0.000000,fixed_vessel_source_compressed
-101.444802,368.345949,0.000000,PD-L1lo_tumor
-526.475224,-222.451831,0.000000,fixed_vessel_source
-11.225890,332.763950,0.000000,PD-L1lo_tumor
99.647467,-376.216782,0.000000,PD-L1lo_tumor
172.743408,208.068558,0.000000,PD-L1lo_tumor
-182.290211,-60.319311,0.000000,PD-L1lo_tumor
-10.497681,-356.644905,0.000000,PD-L1lo_tumor
-7.186995,-181.280853,0.000000,PD-L1lo_tumor
9.060551,39.898880,0.000000,PD-L1lo_tumor
84.832614,146.672231,0.000000,PD-L1lo_tumor
-400.764686,-11.593540,0.000000,fixed_vessel_source
-356.959515,-144.917109,0.000000,PD-L1lo_tumor
143.187970,-168.751189,0.000000,PD-L1lo_tumor
288.425732,255.252210,0.000000,fixed_vessel_source_compressed
-294.494120,-208.447635,0.000000,PD-L1lo_tumor
-49.745954,-108.166961,0.000000,PD-L1lo_tumor
-13.672142,-84.784232,0.000000,PD-L1lo_tumor
81.855698,255.884800,0.000000,PD-L1lo_tumor
-16.491235,-214.880796,0.000000,PD-L1lo_tumor
-103.123060,-128.154449,0.000000,PD-L1lo_tumor
-195.970416,-53.139212,0.000000,PD-L1lo_tumor
41.600561,-376.400062,0.000000,PD-L1lo_tumor
-546.328820,-132.609590,0.000000,fixed_vessel_source_compressed
-45.478039,-151.020413,0.000000,PD-L1lo_tumor
313.618473,218.951024,0.000000,PD-L1lo_tumor
321.973072,206.052162,0.000000,PD-L1lo_tumor
354.195555,38.668702,0.000000,PD-L1lo_tumor
-57.806272,199.111189,0.000000,PD-L1lo_tumor
-93.926397,83.681695,0.000000,PD-L1lo_tumor
-133.769053,220.157822,0.000000,PD-L1lo_tumor
-51.330255,-56.948206,0.000000,PD-L1lo_tumor
333.350876,66.172672,0.000000,PD-L1lo_tumor
-251.283489,39.086284,0.000000,PD-L1lo_tumor
187.772809,160.515397,0.000000,PD-L1lo_tumor
-69.054360,-362.967491,0.000000,PD-L1lo_tumor
129.990003,-263.953324,0.000000,PD-L1lo_tumor
47.236403,-168.962604,0.000000,PD-L1lo_tumor
-113.101776,-287.782371,0.000000,PD-L1lo_tumor
174.182860,192.961140,0.000000,PD-L1lo_tumor
-355.078430,-130.489269,0.000000,PD-L1lo_tumor
-166.817408,-75.919284,0.000000,PD-L1lo_tumor
129.481829,275.510769,0.000000,PD-L1lo_tumor
-151.064403,-13.700483,0.000000,PD-L1lo_tumor
295.235310,-178.506035,0.000000,PD-L1lo_tumor
53.104889,182.289242,0.000000,PD-L1lo_tumor
28.585210,-397.212961,0.000000,PD-L1lo_tumor
-80.192793,-387.425637,0.000000,fixed_vessel_source
405.081391,46.140048,0.000000,PD-L1lo_tumor
225.501314,266.535769,0.000000,PD-L1lo_tumor
-448.807524,-356.800079,0.000000,fixed_vessel_source
-21.382313,-10.167717,0.000000,PD-L1lo_tumor
239.045567,266.565510,0.000000,macrophage
-205.957600,-24.410561,0.000000,macrophage
-253.373874,169.397422,0.000000,macrophage
42.549094,274.858696,0.000000,macrophage
213.427197,-241.026739,0.000000,macrophage
25.591742,344.408391,0.000000,macrophage
-40.205447,39.867730,0.000000,macrophage
-240.986324,439.866431,0.000000,macrophage
-363.088390,-37.015892,0.000000,macrophage
290.492029,109.361408,0.000000,macrophage
-172.241961,-97.876958,0.000000,macrophage
178.206548,-220.410950,0.000000,macrophage
-100.906910,70.933763,0.000000,macrophage
83.879242,132.389336,0.000000,macrophage
-446.254666,323.425684,0.000000,macrophage
-174.326429,-322.548483,0.000000,macrophage
-471.445130,213.431560,0.000000,macrophage
-304.052807,-144.941272,0.000000,macrophage
53.151362,69.530699,0.000000,macrophage
85.068761,299.361667,0.000000,macrophage
-31.471195,-196.223841,0.000000,macrophage
-384.261776,-0.970555,0.000000,macrophage
-443.221067,35.013156,0.000000,macrophage
401.814973,124.791877,0.000000,macrophage
250.292207,-374.698107,0.000000,macrophage
-188.169467,39.770602,0.000000,macrophage
24.337687,-241.777722,0.000000,macrophage
264.071033,-154.025436,0.000000,macrophage
118.322215,38.467205,0.000000,macrophage
30.004464,-110.006662,0.000000,macrophage
36.484561,167.932277,0.000000,macrophage
-42.866635,-81.565920,0.000000,macrophage
142.436445,-24.873616,0.000000,macrophage
-67.833132,-88.704428,0.000000,macrophage
-34.787091,-273.079658,0.000000,macrophage
-498.147747,-252.173130,0.000000,macrophage
-68.751790,-151.090661,0.000000,macrophage
-156.494987,-102.913486,0.000000,macrophage
84.014699,-325.839795,0.000000,macrophage
15.536470,67.890844,0.000000,macrophage
-128.377807,170.779444,0.000000,macrophage
183.835898,224.706606,0.000000,macrophage
5.237179,-305.722483,0.000000,macrophage
-190.794838,-91.160973,0.000000,macrophage
-210.281551,-290.017397,0.000000,macrophage
-249.735482,-84.542968,0.000000,macrophage
102.232792,165.448097,0.000000,macrophage
-140.194726,193.711714,0.000000,macrophage
114.388386,246.923891,0.000000,macrophage
-411.359524,220.609662,0.000000,macrophage
-111.505550,295.711746,0.000000,macrophage
293.191239,-55.866477,0.000000,macrophage
197.920839,-101.627403,0.000000,macrophage
-351.557373,97.306415,0.000000,macrophage
60.138702,-237.038503,0.000000,macrophage
-79.626439,-97.391519,0.000000,macrophage
-111.677183,189.350479,0.000000,macrophage
282.450212,-246.564939,0.000000,macrophage
325.808953,4.245262,0.000000,macrophage
327.444323,-62.544316,0.000000,macrophage
-147.234483,68.104165,0.000000,macrophage
-9.314855,255.311817,0.000000,macrophage
83.020556,218.523077,0.000000,macrophage
46.317628,340.249621,0.000000,macrophage
-132.453302,-140.798528,0.000000,macrophage
140.603594,-195.906392,0.000000,macrophage
355.431908,-22.314086,0.000000,macrophage
231.791262,50.394483,0.000000,macrophage
8.103707,92.150766,0.000000,macrophage
-22.315818,365.066982,0.000000,macrophage
4.267261,-272.593497,0.000000,macrophage
-295.878437,-193.435501,0.000000,macrophage
-50.018147,-177.164425,0.000000,macrophage
148.510030,47.599797,0.000000,macrophage
-151.321421,184.168369,0.000000,macrophage
-217.747804,-117.333085,0.000000,macrophage
350.954331,-81.775677,0.000000,macrophage
102.204920,-45.242121,0.000000,macrophage
353.187334,-391.501028,0.000000,macrophage
-99.940623,147.817851,0.000000,macrophage
204.242871,167.247526,0.000000,macrophage
166.430193,294.433914,0.000000,macrophage
-21.851677,147.241402,0.000000,macrophage
-131.538974,378.648913,0.000000,macrophage
-188.846556,64.148620,0.000000,macrophage
264.094156,69.397355,0.000000,macrophage
-279.654196,244.407410,0.000000,macrophage
-181.647001,-187.840942,0.000000,macrophage
30.688902,-96.685585,0.000000,macrophage
84.926313,-119.190756,0.000000,macrophage
182.421656,279.299129,0.000000,macrophage
292.419150,-27.429461,0.000000,macrophage
201.632098,26.703854,0.000000,macrophage
178.272534,-166.698579,0.000000,macrophage
-268.373702,-75.346164,0.000000,macrophage
-75.449106,-298.199557,0.000000,macrophage
-361.382345,-118.920959,0.000000,macrophage
131.905091,102.217735,0.000000,macrophage
165.383025,-283.853341,0.000000,macrophage
-190.905948,-236.419897,0.000000,macrophage
-284.222811,-170.324923,0.000000,macrophage
80.407069,10.237538,0.000000,macrophage
82.918467,-152.627534,0.000000,macrophage
-206.460831,36.811551,0.000000,macrophage
-320.777257,138.878210,0.000000,macrophage
-233.119853,-214.436931,0.000000,macrophage
387.846768,61.841458,0.000000,macrophage
67.348561,-349.817631,0.000000,macrophage
15.511419,145.488396,0.000000,macrophage
197.459153,314.299332,0.000000,macrophage
264.540646,22.575798,0.000000,macrophage
96.738003,-193.280177,0.000000,macrophage
217.420656,-34.337582,0.000000,macrophage
13.773247,-195.636448,0.000000,macrophage
-233.622381,-314.919764,0.000000,PD-1lo_CD4_Tcell
396.531261,-145.319213,0.000000,PD-1lo_CD4_Tcell
-333.247725,186.801553,0.000000,PD-1lo_CD4_Tcell
-290.422902,269.302410,0.000000,PD-1lo_CD4_Tcell
420.736737,52.110976,0.000000,PD-1lo_CD4_Tcell
57.067119,-385.024507,0.000000,PD-1lo_CD4_Tcell
-106.787405,-426.938887,0.000000,PD-1lo_CD4_Tcell
104.078881,-352.453983,0.000000,PD-1lo_CD4_Tcell
-207.215464,-354.618339,0.000000,PD-1lo_CD4_Tcell
-350.377052,-253.260434,0.000000,PD-1lo_CD4_Tcell
161.154141,-370.387790,0.000000,PD-1lo_CD4_Tcell
359.040610,311.258062,0.000000,PD-1lo_CD4_Tcell
391.273277,-160.697979,0.000000,PD-1lo_CD4_Tcell
-310.936198,-209.207719,0.000000,PD-1lo_CD4_Tcell
444.785396,-143.616563,0.000000,PD-1lo_CD4_Tcell
-99.651725,384.771701,0.000000,PD-1lo_CD4_Tcell
-434.597157,23.025159,0.000000,PD-1lo_CD4_Tcell
343.966900,303.357446,0.000000,PD-1lo_CD4_Tcell
-66.187324,-379.132893,0.000000,PD-1lo_CD4_Tcell
13.249860,-495.768803,0.000000,PD-1lo_CD4_Tcell
409.066487,136.838590,0.000000,PD-1lo_CD4_Tcell
-418.635601,-130.572072,0.000000,PD-1lo_CD4_Tcell
356.156059,339.503677,0.000000,PD-1lo_CD4_Tcell
361.919861,-318.233788,0.000000,PD-1lo_CD4_Tcell
-155.934202,349.126699,0.000000,PD-1lo_CD4_Tcell
454.601794,-316.860856,0.000000,PD-1lo_CD4_Tcell
422.985832,102.534087,0.000000,PD-1lo_CD4_Tcell
16.077532,-594.238426,0.000000,PD-1lo_CD4_Tcell
354.982838,-296.377910,0.000000,PD-1lo_CD4_Tcell
-12.295654,-398.345841,0.000000,PD-1lo_CD4_Tcell
-45.658159,-389.521822,0.000000,PD-1lo_CD4_Tcell
-169.684740,295.828602,0.000000,PD-1lo_CD4_Tcell
435.818301,-308.297599,0.000000,PD-1lo_CD4_Tcell
-51.136769,-374.409892,0.000000,PD-1lo_CD4_Tcell
299.215858,386.019248,0.000000,PD-1lo_CD4_Tcell
-176.648518,-388.073153,0.000000,PD-1lo_CD4_Tcell
112.886249,345.471201,0.000000,PD-1lo_CD4_Tcell
-242.567232,258.668892,0.000000,PD-1lo_CD4_Tcell
332.840723,-283.928685,0.000000,PD-1lo_CD4_Tcell
-349.392846,-205.946198,0.000000,PD-1lo_CD4_Tcell
-81.718238,346.093479,0.000000,PD-1lo_CD4_Tcell
-399.292513,-172.765918,0.000000,PD-1lo_CD4_Tcell
456.423245,-126.035321,0.000000,PD-1lo_CD4_Tcell
417.051413,17.907669,0.000000,PD-1lo_CD4_Tcell
-275.621141,324.181717,0.000000,PD-1lo_CD4_Tcell
-97.215712,-378.989494,0.000000,PD-1lo_CD4_Tcell
-202.090813,-339.406849,0.000000,PD-1lo_CD4_Tcell
393.888769,6.333218,0.000000,PD-1lo_CD4_Tcell
309.555764,352.790949,0.000000,PD-1lo_CD4_Tcell
426.040600,-46.481936,0.000000,PD-1lo_CD4_Tcell
-63.627772,439.448413,0.000000,PD-1lo_CD4_Tcell
-70.747801,466.957608,0.000000,PD-1lo_CD4_Tcell
-154.059513,406.206713,0.000000,PD-1lo_CD4_Tcell
-109.182780,408.659244,0.000000,PD-1lo_CD4_Tcell
-363.240316,-172.368644,0.000000,PD-1lo_CD4_Tcell
433.020059,-200.489415,0.000000,PD-1lo_CD4_Tcell
419.248859,-185.262711,0.000000,PD-1lo_CD4_Tcell
431.742627,-133.286701,0.000000,PD-1lo_CD4_Tcell
12.965374,409.590501,0.000000,PD-1lo_CD4_Tcell
-379.154188,-166.912124,0.000000,PD-1lo_CD4_Tcell
41.316229,-516.206493,0.000000,PD-1lo_CD4_Tcell
290.489675,-261.837244,0.000000,PD-1lo_CD4_Tcell
-417.932803,-70.213868,0.000000,PD-1lo_CD4_Tcell
-218.915687,-336.715972,0.000000,PD-1lo_CD4_Tcell
291.769307,371.851886,0.000000,PD-1lo_CD4_Tcell
372.234723,-295.633600,0.000000,PD-1lo_CD4_Tcell
12.423644,-467.230768,0.000000,PD-1lo_CD4_Tcell
-60.107733,394.774941,0.000000,PD-1lo_CD4_Tcell
-411.976389,-148.572066,0.000000,PD-1lo_CD4_Tcell
-1.400197,-602.681816,0.000000,PD-1lo_CD4_Tcell
-394.505779,44.359093,0.000000,PD-1lo_CD4_Tcell
-282.116086,-264.918263,0.000000,PD-1lo_CD4_Tcell
-419.657420,102.322299,0.000000,PD-1lo_CD4_Tcell
29.007728,394.637652,0.000000,PD-1lo_CD4_Tcell
461.719528,-93.791431,0.000000,PD-1lo_CD4_Tcell
-106.765781,425.046807,0.000000,PD-1lo_CD4_Tcell
388.113891,-39.802395,0.000000,PD-1lo_CD4_Tcell
-255.252708,345.039616,0.000000,PD-1lo_CD4_Tcell
265.724606,-339.801400,0.000000,PD-1lo_CD4_Tcell
-144.990824,-368.879556,0.000000,PD-1lo_CD4_Tcell
416.449667,0.156331,0.000000,PD-1lo_CD4_Tcell
-395.440564,153.751618,0.000000,PD-1lo_CD4_Tcell
-161.741161,327.706695,0.000000,PD-1lo_CD4_Tcell
200.342880,-323.912307,0.000000,PD-1lo_CD4_Tcell
27.907939,377.452320,0.000000,PD-1lo_CD4_Tcell
419.937887,-316.482057,0.000000,PD-1lo_CD4_Tcell
395.706881,-60.639686,0.000000,PD-1lo_CD4_Tcell
187.736909,354.258892,0.000000,PD-1lo_CD4_Tcell
313.511877,368.959277,0.000000,PD-1lo_CD4_Tcell
-255.864517,-244.796695,0.000000,PD-1lo_CD4_Tcell
-312.635520,-132.304245,0.000000,PD-1lo_CD4_Tcell
-321.190517,292.995191,0.000000,PD-1lo_CD4_Tcell
436.510599,-118.052092,0.000000,PD-1lo_CD4_Tcell
-287.544113,201.489245,0.000000,PD-1lo_CD4_Tcell
56.342065,-369.028136,0.000000,PD-1lo_CD4_Tcell
-380.885026,-199.987153,0.000000,PD-1lo_CD4_Tcell
-419.473236,-99.261344,0.000000,PD-1lo_CD4_Tcell
371.655273,-2.218073,0.000000,PD-1lo_CD4_Tcell
-177.289168,332.055888,0.000000,PD-1lo_CD4_Tcell
460.590109,-48.621686,0.000000,PD-1lo_CD4_Tcell
407.958704,-49.242710,0.000000,PD-1lo_CD4_Tcell
-248.123085,-308.954658,0.000000,PD-1lo_CD4_Tcell
-287.542207,228.192164,0.000000,PD-1lo_CD137lo_CD8_Tcell
-81.656635,-596.356142,0.000000,PD-1lo_CD137lo_CD8_Tcell
-204.726530,-263.215884,0.000000,PD-1lo_CD137hi_CD8_Tcell
-26.842781,352.539993,0.000000,PD-1hi_CD137hi_CD8_Tcell
-379.411161,142.660026,0.000000,PD-1lo_CD137hi_CD8_Tcell
-405.236229,110.963561,0.000000,PD-1lo_CD137lo_CD8_Tcell
-401.880481,-136.363351,0.000000,PD-1lo_CD137lo_CD8_Tcell
78.049102,-339.398193,0.000000,PD-1lo_CD137hi_CD8_Tcell
407.685241,-104.454355,0.000000,PD-1lo_CD137lo_CD8_Tcell
-456.367052,18.098685,0.000000,PD-1hi_CD137hi_CD8_Tcell
393.235395,-77.219282,0.000000,PD-1lo_CD137lo_CD8_Tcell
-424.876158,-116.150853,0.000000,PD-1lo_CD137lo_CD8_Tcell
-102.255792,439.456364,0.000000,PD-1hi_CD137hi_CD8_Tcell
-67.637353,-582.389000,0.000000,PD-1lo_CD137lo_CD8_Tcell
-58.147217,-596.641782,0.000000,PD-1lo_CD137lo_CD8_Tcell
-171.250879,-285.836552,0.000000,PD-1lo_CD137lo_CD8_Tcell
-426.961396,-144.287915,0.000000,PD-1lo_CD137hi_CD8_Tcell
526.317886,-274.087762,0.000000,PD-1lo_CD137hi_CD8_Tcell
544.523713,-259.230939,0.000000,PD-1hi_CD137lo_CD8_Tcell
-185.614597,-248.885405,0.000000,PD-1lo_CD137hi_CD8_Tcell
364.282818,378.913831,0.000000,PD-1hi_CD137lo_CD8_Tcell
30.145197,-334.409118,0.000000,myCAF
-39.297077,326.275497,0.000000,myCAF
-238.826376,17.612691,0.000000,myCAF
471.962409,-26.216648,0.000000,myCAF
138.740474,-151.880531,0.000000,myCAF
61.482394,-173.200872,0.000000,myCAF
-121.518073,-329.541770,0.000000,myCAF
-303.232212,198.491630,0.000000,myCAF
-54.391537,-287.453598,0.000000,myCAF
30.681356,-29.597062,0.000000,myCAF
-8.589439,363.368324,0.000000,myCAF
117.593806,-178.408756,0.000000,myCAF
179.555853,-65.446479,0.000000,myCAF
-221.974091,189.069383,0.000000,myCAF
254.300494,-79.481124,0.000000,myCAF
-291.260798,-14.308506,0.000000,myCAF
-183.260528,-151.266591,0.000000,myCAF
-201.678797,213.779183,0.000000,myCAF
-71.799448,204.936320,0.000000,myCAF
-141.420269,-155.906871,0.000000,myCAF
172.180581,-232.583660,0.000000,myCAF
155.615166,-253.238025,0.000000,myCAF
273.185175,-138.403134,0.000000,myCAF
-77.522090,277.227437,0.000000,myCAF
208.670462,-196.310929,0.000000,myCAF
-195.150422,-140.833188,0.000000,myCAF
231.355881,-166.629033,0.000000,myCAF
358.641622,89.173990,0.000000,myCAF
106.744748,-204.193625,0.000000,myCAF
15.465908,125.885351,0.000000,myCAF
306.809449,60.014169,0.000000,myCAF
-22.322235,-60.623428,0.000000,myCAF
-259.160285,-117.653590,0.000000,myCAF
-201.165501,-126.596851,0.000000,myCAF
261.987027,-92.660771,0.000000,myCAF
93.184377,343.181013,0.000000,myCAF
220.370435,-127.437347,0.000000,myCAF
-73.306153,40.626223,0.000000,myCAF
163.335582,183.180063,0.000000,myCAF
301.568000,31.719943,0.000000,myCAF
95.813111,12.576212,0.000000,myCAF
201.733778,-306.224404,0.000000,myCAF
129.792424,221.139377,0.000000,myCAF
-27.248263,124.823018,0.000000,myCAF
-188.941737,187.274101,0.000000,myCAF
2.074950,-4.330396,0.000000,myCAF
162.307402,-137.776768,0.000000,myCAF
-156.796377,-337.114280,0.000000,myCAF
-41.399907,10.331874,0.000000,myCAF
-220.840141,-156.916890,0.000000,myCAF
-284.342631,167.776628,0.000000,myCAF
241.910756,89.646512,0.000000,myCAF
368.571501,12.976260,0.000000,myCAF
-166.072839,-201.256692,0.000000,myCAF
386.061533,89.205434,0.000000,myCAF
-319.204577,-102.898358,0.000000,myCAF
125.016423,-96.737861,0.000000,myCAF
178.462287,-185.649519,0.000000,myCAF
-28.176170,1.762142,0.000000,myCAF
191.399291,-192.569099,0.000000,myCAF
-172.974841,202.855122,0.000000,myCAF
-68.974469,369.993942,0.000000,myCAF
-236.310238,-69.509058,0.000000,myCAF
236.223764,-92.765207,0.000000,myCAF
373.382037,82.472761,0.000000,myCAF
-65.815435,-260.333388,0.000000,myCAF
-58.376404,-248.757389,0.000000,myCAF
-119.618361,-182.472689,0.000000,myCAF
-196.493721,5.826469,0.000000,myCAF
209.975431,-6.773126,0.000000,myCAF
28.584187,151.550428,0.000000,myCAF
-359.677902,141.219414,0.000000,myCAF
101.538797,-27.438083,0.000000,myCAF
349.111102,65.810418,0.000000,myCAF
1.911900,68.852325,0.000000,myCAF
-221.902368,31.970704,0.000000,myCAF
-180.922494,-109.935009,0.000000,myCAF
-86.140093,96.768183,0.000000,myCAF
135.702618,-63.693760,0.000000,myCAF
-55.000755,3.701277,0.000000,myCAF
71.041432,106.076355,0.000000,myCAF
200.673330,247.553711,0.000000,myCAF
-53.904651,97.181373,0.000000,myCAF
-292.941453,101.802869,0.000000,myCAF
258.696480,-65.418342,0.000000,myCAF
103.992668,-232.207826,0.000000,myCAF
52.748664,-153.287759,0.000000,myCAF
149.558003,-214.639283,0.000000,myCAF
164.105292,11.452481,0.000000,myCAF
175.532686,151.082505,0.000000,myCAF
-78.811192,-110.423415,0.000000,myCAF
44.909877,-292.076141,0.000000,myCAF
104.569104,404.024681,0.000000,myCAF
-380.206754,91.141524,0.000000,myCAF
-231.344131,216.392541,0.000000,myCAF
-152.779547,-205.130827,0.000000,myCAF
65.226193,217.981733,0.000000,myCAF
-100.552916,511.148463,0.000000,myCAF
-137.554369,-204.370170,0.000000,myCAF
-65.421424,-46.553353,0.000000,myCAF
218.889891,31.118260,0.000000,myCAF
187.584446,-209.306097,0.000000,myCAF
-253.124832,95.095816,0.000000,myCAF
201.413742,-180.544635,0.000000,myCAF
64.681849,202.573293,0.000000,myCAF
180.282528,-133.495336,0.000000,myCAF
-121.084671,-344.389228,0.000000,myCAF
90.051833,-229.383085,0.000000,myCAF
59.192140,-104.872256,0.000000,myCAF
377.670425,-73.513691,0.000000,myCAF
-23.561033,95.044437,0.000000,myCAF
107.919307,-151.042766,0.000000,myCAF
388.491216,128.071664,0.000000,myCAF
-36.023932,-182.631781,0.000000,myCAF
191.704255,235.631420,0.000000,myCAF
-227.574511,269.299241,0.000000,myCAF
149.514662,189.575490,0.000000,myCAF
302.816541,113.434310,0.000000,myCAF
-144.515021,393.170765,0.000000,myCAF
-22.047185,79.789872,0.000000,myCAF
50.278448,-26.198341,0.000000,myCAF
-50.994657,23.967102,0.000000,myCAF
-13.357985,-257.610652,0.000000,myCAF
412.383438,151.086703,0.000000,myCAF
-114.997801,106.124066,0.000000,myCAF
255.777758,-118.340141,0.000000,myCAF
-51.520481,-236.098035,0.000000,myCAF
110.529253,-218.038477,0.000000,myCAF
150.744390,-65.013244,0.000000,myCAF
-134.646170,-247.676923,0.000000,myCAF
69.210210,-273.541021,0.000000,myCAF
130.093361,-139.328516,0.000000,myCAF
-93.979900,-175.335411,0.000000,myCAF
-151.850314,56.745959,0.000000,myCAF
124.397164,-277.555694,0.000000,myCAF
-55.213580,51.021753,0.000000,myCAF
233.604145,162.550651,0.000000,myCAF
-174.728281,219.242225,0.000000,myCAF
27.569513,-197.858326,0.000000,myCAF
283.492248,-14.111102,0.000000,myCAF
-15.254276,-48.523375,0.000000,myCAF
11.850381,-208.827507,0.000000,myCAF
45.743386,-68.830638,0.000000,myCAF
210.985303,-96.102585,0.000000,myCAF
-365.469859,165.940568,0.000000,myCAF
-8.673254,-166.320109,0.000000,myCAF
117.132645,146.024589,0.000000,myCAF
88.059997,70.291886,0.000000,myCAF
-171.579164,135.897552,0.000000,myCAF
-146.405328,-86.219842,0.000000,myCAF
-116.731650,275.390712,0.000000,myCAF
-303.048960,226.227983,0.000000,myCAF
475.222137,127.095710,0.000000,myCAF
1.878864,-134.841435,0.000000,myCAF
39.206031,-119.678614,0.000000,myCAF
204.343842,-21.399458,0.000000,myCAF
234.966379,-63.544339,0.000000,myCAF
-42.365270,-4.088130,0.000000,myCAF
94.822990,-145.639275,0.000000,myCAF
-113.902960,-88.263425,0.000000,myCAF
-17.651283,415.377463,0.000000,myCAF
57.654214,-60.561878,0.000000,myCAF
-123.732732,-258.944249,0.000000,myCAF
24.385326,-184.382249,0.000000,myCAF
-19.536698,-98.061127,0.000000,myCAF
132.290384,-290.035288,0.000000,myCAF
206.205197,-132.315195,0.000000,myCAF
90.200704,-168.246932,0.000000,myCAF
55.950841,-267.688634,0.000000,myCAF
84.364506,-55.109270,0.000000,myCAF
-92.539841,43.384548,0.000000,myCAF
-54.135382,-191.878228,0.000000,myCAF
65.946700,8.113856,0.000000,myCAF
428.665938,85.859046,0.000000,myCAF
-276.879917,37.853433,0.000000,myCAF
145.893192,217.706157,0.000000,myCAF
100.372035,-117.169216,0.000000,myCAF
147.868200,174.708954,0.000000,myCAF
-68.535178,289.279237,0.000000,myCAF
-114.718565,-358.178252,0.000000,myCAF
89.215630,26.616930,0.000000,myCAF
65.356345,-76.873034,0.000000,myCAF
-168.970386,-2.011347,0.000000,myCAF
-40.910668,106.282889,0.000000,myCAF
-377.527715,-94.912829,0.000000,myCAF
82.716485,-276.306787,0.000000,myCAF
-182.462082,77.643866,0.000000,myCAF
253.500557,-5.907560,0.000000,myCAF
395.469896,30.085583,0.000000,myCAF
-160.465974,-88.803793,0.000000,myCAF
-128.958666,359.954831,0.000000,myCAF
-129.105641,150.356715,0.000000,myCAF
-14.850231,41.238745,0.000000,myCAF
-32.485680,287.130057,0.000000,myCAF
-169.368897,-147.720210,0.000000,myCAF
439.013319,61.492694,0.000000,myCAF
80.936810,-260.245309,0.000000,myCAF
83.313140,-13.302513,0.000000,myCAF
-41.608480,401.642484,0.000000,myCAF
-105.297440,-346.175744,0.000000,myCAF
244.326144,-28.654531,0.000000,myCAF
103.063216,-174.661962,0.000000,myCAF
165.972244,-109.753193,0.000000,myCAF
-26.109705,402.281843,0.000000,myCAF
114.147915,-109.223682,0.000000,myCAF
225.552762,-113.843801,0.000000,myCAF
191.176964,-48.763792,0.000000,myCAF
-4.559211,30.589617,0.000000,myCAF
174.739667,-82.076603,0.000000,myCAF
-78.378358,-1.545024,0.000000,myCAF
251.301713,205.811744,0.000000,myCAF
-119.181197,-12.881735,0.000000,myCAF
202.937789,63.793557,0.000000,myCAF
361.019496,74.900775,0.000000,myCAF
-28.199334,-127.721730,0.000000,myCAF
-69.897631,-73.817969,0.000000,myCAF
-81.084610,224.109935,0.000000,myCAF
8.429563,-81.645087,0.000000,myCAF
-26.553835,110.962994,0.000000,myCAF
-347.139001,-95.706705,0.000000,myCAF
175.090389,-51.581006,0.000000,myCAF
84.044400,241.946777,0.000000,myCAF
347.334467,51.475358,0.000000,myCAF
-124.878629,119.466106,0.000000,myCAF
-71.502991,191.242130,0.000000,myCAF
-319.861366,198.797142,0.000000,myCAF
-114.296111,153.454916,0.000000,myCAF
175.150840,20.741091,0.000000,myCAF
194.185414,-225.218123,0.000000,myCAF
193.463172,89.490683,0.000000,myCAF
-88.273563,-122.945486,0.000000,myCAF
-218.301501,-318.616652,0.000000,myCAF
244.268993,130.807468,0.000000,myCAF
161.735205,-90.439727,0.000000,myCAF
63.732481,150.370255,0.000000,myCAF
-294.345072,245.608270,0.000000,myCAF
303.757759,174.163006,0.000000,myCAF
53.673612,-117.576074,0.000000,myCAF
398.317561,-13.283244,0.000000,myCAF
-75.077596,-32.081179,0.000000,myCAF
57.725429,136.647835,0.000000,myCAF
-32.121025,-39.892291,0.000000,myCAF
-158.824557,22.352635,0.000000,myCAF
352.300186,-280.121151,0.000000,myCAF
56.175504,-198.510677,0.000000,myCAF
-81.317597,-167.566270,0.000000,myCAF
-6.972788,346.899803,0.000000,myCAF
-85.526253,-138.349686,0.000000,myCAF
-184.541095,143.132583,0.000000,myCAF
79.827397,-79.992641,0.000000,myCAF
219.313391,-287.076854,0.000000,iCAF
-231.468089,-22.617253,0.000000,iCAF
-114.452438,347.227695,0.000000,iCAF
-56.803740,-222.022483,0.000000,iCAF
319.323005,-42.385670,0.000000,iCAF
314.394696,22.996446,0.000000,iCAF
-19.494084,-187.976446,0.000000,iCAF
326.917029,90.597307,0.000000,iCAF
163.773581,145.320359,0.000000,iCAF
191.934875,-34.399751,0.000000,iCAF
382.468068,155.850930,0.000000,iCAF
201.076964,147.721955,0.000000,iCAF
-132.029666,-63.575529,0.000000,iCAF
77.161689,-193.066513,0.000000,iCAF
287.316452,356.700077,0.000000,iCAF
236.575387,75.776095,0.000000,iCAF
304.188071,5.751249,0.000000,iCAF
-239.526220,3.625746,0.000000,iCAF
217.529274,58.615855,0.000000,iCAF
38.991369,321.907225,0.000000,iCAF
-68.556738,-176.232641,0.000000,iCAF
-227.403429,-129.733813,0.000000,iCAF
-49.074594,290.189110,0.000000,iCAF
-100.286026,321.793107,0.000000,iCAF
-49.254663,314.442607,0.000000,iCAF
157.707868,-174.581997,0.000000,iCAF
28.447365,222.456415,0.000000,iCAF
246.255221,-145.302330,0.000000,iCAF
17.365506,-134.950168,0.000000,iCAF
-39.807681,54.454801,0.000000,iCAF
-64.652302,218.337604,0.000000,iCAF
-224.443260,-185.794917,0.000000,iCAF
-166.560486,-110.473556,0.000000,iCAF
-208.421343,-147.056758,0.000000,iCAF
-264.485818,-97.172814,0.000000,iCAF
-52.265656,448.849928,0.000000,iCAF
178.471679,137.834172,0.000000,iCAF
32.986083,-210.780987,0.000000,iCAF
-93.457916,266.466868,0.000000,iCAF
-349.295206,17.656962,0.000000,iCAF
-115.549612,67.659551,0.000000,iCAF
-112.306718,-235.687533,0.000000,iCAF
89.969071,-104.309681,0.000000,iCAF
-69.625338,234.623295,0.000000,iCAF
264.787256,-278.393806,0.000000,iCAF
-122.103657,-103.635231,0.000000,iCAF
5.496728,319.320878,0.000000,iCAF
-100.919078,161.234112,0.000000,iCAF
171.637163,267.785542,0.000000,iCAF
160.869606,258.163143,0.000000,iCAF
-433.463993,6.424577,0.000000,iCAF
165.754554,101.317322,0.000000,iCAF
119.298681,-313.295057,0.000000,iCAF
258.506744,49.040368,0.000000,iCAF
-270.893384,-126.924317,0.000000,iCAF
-13.545309,199.379576,0.000000,iCAF
-275.936952,-280.512116,0.000000,iCAF
-362.724066,-8.624771,0.000000,iCAF
59.267021,-283.790222,0.000000,iCAF
277.229806,-215.975667,0.000000,iCAF
221.581029,-46.749339,0.000000,iCAF
-52.124146,412.259591,0.000000,iCAF
518.362379,-188.890326,0.000000,iCAF
-134.039670,-22.104513,0.000000,iCAF
81.348447,195.111637,0.000000,iCAF
113.266193,176.492689,0.000000,iCAF
137.160251,181.423714,0.000000,iCAF
41.963272,-141.954998,0.000000,iCAF
-189.903103,-263.857435,0.000000,iCAF
131.441176,142.751108,0.000000,iCAF
240.027645,-77.304008,0.000000,iCAF
-313.254293,308.556051,0.000000,iCAF
-62.271401,422.193770,0.000000,iCAF
252.141562,76.606753,0.000000,iCAF
-54.337879,-123.335307,0.000000,iCAF
36.424375,-321.404939,0.000000,iCAF
-335.291041,-65.437461,0.000000,iCAF
50.051284,-311.757532,0.000000,iCAF
212.674484,200.667196,0.000000,iCAF
311.573462,84.755117,0.000000,iCAF
66.861701,22.653572,0.000000,iCAF
189.062991,-86.598932,0.000000,iCAF
288.552868,-208.541119,0.000000,iCAF
-212.086907,132.759331,0.000000,iCAF
-42.772744,-133.932715,0.000000,iCAF
-188.868863,-18.479856,0.000000,iCAF
-319.173718,-119.346848,0.000000,iCAF
-153.697672,-190.926111,0.000000,iCAF
-205.759965,352.554954,0.000000,iCAF
-282.182565,-71.991995,0.000000,iCAF
-86.552235,319.524912,0.000000,iCAF
-163.941257,238.139015,0.000000,iCAF
52.613452,266.305438,0.000000,iCAF
-6.597058,-312.101774,0.000000,iCAF
-275.510090,182.556796,0.000000,iCAF
-92.409398,184.634978,0.000000,iCAF
-183.629847,-2.156867,0.000000,iCAF
-87.375720,110.632100,0.000000,iCAF
174.829525,240.375605,0.000000,iCAF
161.978282,-74.566928,0.000000,iCAF
118.678439,121.522413,0.000000,M_MDSC
147.598716,123.987578,0.000000,M_MDSC
-23.283755,171.966127,0.000000,M_MDSC
-115.817002,-37.771197,0.000000,M_MDSC
-7.946895,170.144507,0.000000,M_MDSC
-118.919885,-67.668532,0.000000,M_MDSC
161.697341,121.684003,0.000000,M_MDSC
59.405659,-5.496499,0.000000,M_MDSC
44.259161,5.644148,0.000000,M_MDSC
-54.822381,-161.246275,0.000000,M_MDSC
190.144773,69.584830,0.000000,M_MDSC
126.061515,131.615059,0.000000,M_MDSC
156.462691,111.872597,0.000000,M_MDSC
3.555349,175.742027,0.000000,M_MDSC
-8.845431,-14.041722,0.000000,M_MDSC
172.841326,115.098543,0.000000,M_MDSC
159.818138,133.522880,0.000000,M_MDSC
175.955403,91.215471,0.000000,M_MDSC
-12.612310,181.129104,0.000000,M_MDSC
-2.802140,191.291300,0.000000,M_MDSC
-113.657323,-56.969660,0.000000,M_MDSC
-79.608375,181.481375,0.000000,M_MDSC
-23.257167,190.469338,0.000000,M_MDSC
134.956153,118.697953,0.000000,M_MDSC
-5.495210,-122.097271,0.000000,M_MDSC
172.362166,126.663830,0.000000,M_MDSC
150.480769,78.039242,0.000000,M_MDSC
148.150053,101.842068,0.000000,M_MDSC
122.907145,160.385195,0.000000,M_MDSC
155.778051,92.287385,0.000000,M_MDSC
335.416660,343.222625,0.000000,PMN_MDSC
-66.826026,-468.454958,0.000000,PMN_MDSC
408.865487,-439.972791,0.000000,PMN_MDSC
368.836254,64.677438,0.000000,PMN_MDSC
239.597157,-251.615834,0.000000,PMN_MDSC
335.407160,-390.956283,0.000000,PMN_MDSC
-424.392492,39.009107,0.000000,PMN_MDSC
203.161821,-286.583940,0.000000,PMN_MDSC
205.266664,431.314968,0.000000,PMN_MDSC
-138.698877,-220.837668,0.000000,PMN_MDSC
-143.927879,-179.563435,0.000000,PMN_MDSC
-236.692460,191.910213,0.000000,PMN_MDSC
323.750441,33.808624,0.000000,PMN_MDSC
433.377831,152.877044,0.000000,PMN_MDSC
-103.302872,-224.898067,0.000000,PMN_MDSC
-350.132116,-229.743841,0.000000,PMN_MDSC
216.592670,-306.002945,0.000000,PMN_MDSC
-438.526848,-376.787040,0.000000,PMN_MDSC
62.619827,-134.825493,0.000000,PMN_MDSC
-176.154843,307.507244,0.000000,PMN_MDSC
-190.847929,346.659499,0.000000,PMN_MDSC
-202.142181,267.743889,0.000000,PMN_MDSC
132.205881,-369.994458,0.000000,PMN_MDSC
137.149371,347.334918,0.000000,PMN_MDSC
260.609347,-185.545854,0.000000,PMN_MDSC
-294.209716,-270.206057,0.000000,PMN_MDSC
260.135757,-513.781705,0.000000,PMN_MDSC
-273.920857,-20.590422,0.000000,PMN_MDSC
32.185492,-461.278215,0.000000,PMN_MDSC
202.990800,218.265549,0.000000,PMN_MDSC
-14.885434,-113.671528,0.000000,PMN_MDSC
-129.719199,310.808560,0.000000,PMN_MDSC
-151.505225,375.383910,0.000000,PMN_MDSC
-561.557057,23.739713,0.000000,PMN_MDSC
-15.172682,-330.287559,0.000000,PMN_MDSC
266.730156,-104.963416,0.000000,PMN_MDSC
-487.297662,-160.215122,0.000000,PMN_MDSC
150.831313,-81.958147,0.000000,PMN_MDSC
154.007633,-200.128039,0.000000,PMN_MDSC
-65.093872,-201.705072,0.000000,PMN_MDSC
-2.955340,411.791487,0.000000,Treg
442.970868,-103.207524,0.000000,Treg
-327.659064,226.654170,0.000000,Treg
-136.487853,-353.127597,0.000000,Treg
405.935414,85.722964,0.000000,Treg
414.812672,33.652778,0.000000,Treg
381.356068,379.668210,0.000000,Treg
-365.917594,105.284641,0.000000,Treg
-94.422466,401.233854,0.000000,Treg
-70.760026,-608.811495,0.000000,Treg
395.768130,73.787824,0.000000,Treg
531.107267,-289.004004,0.000000,Treg
344.902952,-266.458816,0.000000,Treg
-77.240312,393.718759,0.000000,Treg
-32.101208,388.242383,0.000000,Treg
411.585512,66.375118,0.000000,Treg
-246.848885,273.701940,0.000000,Treg
542.068763,-275.981150,0.000000,Treg
-165.208692,-215.759629,0.000000,cDC1
7.364090,370.160272,0.000000,cDC1
-475.312161,-28.713403,0.000000,cDC1
94.759461,-337.848633,0.000000,cDC1
16.054452,386.528542,0.000000,cDC1
265.478665,10.221416,0.000000,cDC1
-157.035913,-231.388337,0.000000,cDC1
-93.023880,450.388735,0.000000,cDC1
-589.396176,481.301481,0.000000,B_cell
-203.682649,335.617576,0.000000,B_cell
154.481443,-430.412113,0.000000,B_cell
-423.889431,399.736173,0.000000,B_cell
434.427404,136.640123,0.000000,B_cell
-47.830079,-468.596398,0.000000,B_cell
524.139827,-31.659144,0.000000,B_cell
285.894239,-137.223461,0.000000,B_cell
-290.615928,-462.287976,0.000000,B_cell
-607.933305,-142.225903,0.000000,B_cell
-337.682874,284.493022,0.000000,NK_cell
-214.291957,177.728143,0.000000,NK_cell
586.869304,-268.434449,0.000000,NK_cell
-381.913996,-135.606938,0.000000,NK_cell
590.564806,-224.270377,0.000000,NK_cell
-135.491906,-535.627533,0.000000,NK_cell
412.698418,375.713469,0.000000,NK_cell
-280.016655,888.923861,0.000000,NK_cell
-2.308991,14.699182,0.000000,fixed_vessel_source_compressed
164.790733,55.320343,0.000000,fixed_vessel_source_compressed
143.382747,135.745850,0.000000,fixed_vessel_source_compressed
44.883091,-42.275692,0.000000,fixed_vessel_source_compressed
-209.962499,163.819483,0.000000,fixed_vessel_source_compressed
958.052597,659.120511,0.000000,fixed_vessel_source_compressed
913.806085,635.834331,0.000000,fixed_vessel_source_compressed
869.559572,612.548152,0.000000,fixed_vessel_source_compressed
825.313060,589.261972,0.000000,fixed_vessel_source_compressed
781.066548,565.975793,0.000000,fixed_vessel_source_compressed
736.820036,542.689614,0.000000,fixed_vessel_source_compressed
692.573523,519.403434,0.000000,fixed_vessel_source_compressed
648.327011,496.117255,0.000000,fixed_vessel_source_compressed
604.080499,472.831075,0.000000,fixed_vessel_source_compressed
559.833986,449.544896,0.000000,fixed_vessel_source_compressed
515.587474,426.258716,0.000000,fixed_vessel_source_compressed
471.340962,402.972537,0.000000,fixed_vessel_source_compressed
441.936540,386.397269,0.000000,fixed_vessel_source_compressed
398.937489,332.618540,0.000000,fixed_vessel_source_compressed
