time_min,oxygen,glucose,lactate,ECM,TGF_beta,IFN_gamma,Gal8_ext
0,15.626262179767535,0.7314881950541391,6.854177018543154,1.1652021187055472,0.0905192082872976,0.02119785833327525,0.06302483993300421
60,15.577653041223591,0.7294637929780834,6.865925196323484,1.1658321614305958,0.08955456367896193,0.020732222057846427,0.0001564573912463728
120,15.573560657141904,0.729901272824611,6.8684048404577105,1.1723263827816408,0.09025270067752814,0.020772597082408167,3.884010701438073e-07
180,15.529911596124467,0.7294106954538369,6.871390684198294,1.1740043483876332,0.09114240101099275,0.020788616041268818,9.641947247561193e-10
240,15.509526269486038,0.7285844380784073,6.873434614813772,1.1748668029467373,0.09147609230382593,0.020768970717664495,2.3935862661328952e-12
300,15.483907842032785,0.7277702815291747,6.873960943006711,1.1837702131100338,0.09031792236005375,0.020757804410422395,5.942010536169634e-15
360,15.514565107336859,0.7281544643883171,6.8680439437915,1.1909694425900226,0.0903126117095129,0.02090974067565239,1.475087391314048e-17
420,15.509073193670888,0.7275008670097327,6.8569585073698125,1.198226462795329,0.0907876350929224,0.021020465878098006,3.661862931357764e-20
480,15.501253016216124,0.7268220430735567,6.8507413422963275,1.2087217322587933,0.09087546024773732,0.020778896871893254,9.090471660873446e-23
540,15.52676920359384,0.7276202039878227,6.841625816728564,1.2142811377463592,0.09024925510174547,0.020593749522470593,2.2566840039122605e-25
600,15.502484168476752,0.7274282799752918,6.823808813072596,1.2207245871372754,0.09081190415580741,0.020601388949662174,5.602154523436636e-28
660,15.53711484659616,0.7285524147542913,6.804855914188238,1.2247117174162503,0.09109521245857881,0.020726588596033473,1.3907190927065119e-30
720,15.530305358658294,0.728229595804719,6.7888715457153825,1.2278146895519044,0.0908581392198428,0.020743112324044806,3.452421004681521e-33
780,15.496382087716752,0.7274592277167904,6.774875069725259,1.2321378647997112,0.09226523909018501,0.02069676943580887,8.570537972819439e-36
840,15.49019694754339,0.7271197170103384,6.761169962025847,1.2388693268064193,0.0925014269360057,0.020720663713134427,2.1276119292500942e-38
900,15.484977606785597,0.7272664355191801,6.748787080458937,1.2410368165568344,0.09109554929322944,0.020694598175259,5.281736730930268e-41
960,15.505490853797054,0.7274356012894811,6.741134134881622,1.2502818773337439,0.09011577873526586,0.0206565865230161,1.3111762775597207e-43
1020,15.463168910625376,0.7265032167333121,6.7333986421661685,1.2524203879061369,0.08959738993037349,0.02067006208304089,3.2549582048792655e-46
1080,15.438556247473421,0.7261822860098635,6.727965827873969,1.2551914692167545,0.09260640688497777,0.020640910058518626,8.08034213006747e-49
1140,15.437734955463219,0.7255146083984141,6.7239848024139635,1.2580598584432348,0.09240923262675065,0.020630782794853125,2.0059221909844807e-51
1200,15.425478405996621,0.7253946877818341,6.72321708744229,1.2613596887399927,0.09142020767186693,0.02063160620028971,4.979645380746253e-54
1260,15.419494653849632,0.72453093734114,6.722943691986175,1.2683776590327402,0.0897432021373998,0.020647319159223288,1.2361829501381359e-56
1320,15.416487746917308,0.7238835299822319,6.724540610818904,1.2695841344233125,0.09004309046615443,0.020683390931122873,3.0687893803056625e-59
1380,15.390268179722293,0.7237087893309982,6.726339178954171,1.271271766148707,0.08893838822861262,0.02124436897232174,7.6181832629421655e-62
1440,15.396266055513022,0.7234351130794847,6.721856312789762,1.2777274604906288,0.08830148964959336,0.021151205503633978,1.8911925530057538e-64
1500,15.44030884516918,0.7248129974760336,6.712886576032703,1.282845889983541,0.0876742890469931,0.02103518271767077,4.6948322836265354e-67
1560,15.454793508785599,0.725427261476937,6.700734066086827,1.2848529910480158,0.08623663973559417,0.020931691567516904,1.1654789004086614e-69
1620,15.428503352061583,0.7250975285737948,6.689228592725126,1.2878552593797161,0.08656522127177213,0.020965810833808125,2.893268566877384e-72
1680,15.410882406784308,0.7242390256106588,6.680452389173058,1.2910383382253465,0.08645322840157263,0.02094176555364025,7.182457783787866e-75
1740,15.388594853896628,0.7232009465173088,6.676670195988388,1.2921648620330466,0.08666026620423348,0.020864586616253296,1.7830249291918283e-77
1800,15.387576374992513,0.7232007694738898,6.673928723894686,1.293608802989477,0.08607457843517236,0.020811419349827404,4.426309201977512e-80
1860,15.373063731672147,0.7231931471862666,6.672373217734301,1.294997536300553,0.085941337928036,0.02077023471951183,1.0988188011701635e-82
1920,15.394644919470686,0.7230950499830652,6.673670224429405,1.2980690348436512,0.08561847271090707,0.02075809995494146,2.7277867467225567e-85
1980,15.377558664642757,0.7222066072837089,6.678664727694692,1.300727367210341,0.08630198471684558,0.020701292622545032,6.771653822878973e-88
2040,15.360341622904919,0.7216298818869975,6.6892258226356995,1.3034014688981805,0.08830044820400768,0.020924123180274104,1.6810440021386083e-90
2100,15.39673284417649,0.7228292422153847,6.68195978033953,1.3055174583033733,0.08778387745817721,0.02093390338806659,4.173144420907141e-93
2160,15.386724825766734,0.7230653301038674,6.6745163159928085,1.307501014886286,0.08639191072329061,0.020922053315580315,1.0359713568230828e-95
2220,15.3856550277534,0.7230237083574792,6.660515916453404,1.3092281848700027,0.08566082426752097,0.020907007263078745,2.5717697350252824e-98
2280,15.363451289508369,0.721978853632787,6.655079703152934,1.3106609932379119,0.08543701769070787,0.020879337834863176,6.384345982570935e-101
2340,15.374819968504042,0.7227232890426544,6.649698212691044,1.3136306602019168,0.08417567102216837,0.02088860176499819,1.5848959208927367e-103
2400,15.372405071423648,0.7215485396020669,6.653389560567669,1.3135180144581975,0.08400376945058187,0.020868011464588835,3.9344595153831436e-106
2460,15.33809380073379,0.7207901097308334,6.660500755253598,1.3172426218868611,0.08383826452494036,0.020825749068409803,9.76718500825558e-109
2520,15.328264368799795,0.7203942606776833,6.6665216505196065,1.3190663442113946,0.08302037977403573,0.020854314125348553,2.424676187733058e-111
2580,15.357538869072846,0.7207619932347293,6.671839098249461,1.3200179423288352,0.08260295059652202,0.02112239395415484,6.019190391490001e-114
2640,15.360057808059613,0.7205188547179693,6.672409703856133,1.3204498743136222,0.08263239933717255,0.020839237166045497,1.4942470731681183e-116
2700,15.375645691719905,0.7209440903466461,6.660673327494145,1.3225035916545058,0.08210549203095885,0.02114547561022598,3.7094263022950896e-119
2760,15.378211166296127,0.721276904358168,6.653584294784711,1.3243800412224698,0.08156261599420753,0.021094506876224006,9.208546390514161e-122
2820,15.343229846011408,0.7204026680597643,6.651129581354547,1.330030615100451,0.08225535724522293,0.02089545482004501,2.2859957232142795e-124
2880,15.341012900814857,0.7204132032213364,6.647998827197851,1.332371363081077,0.08131181450064848,0.02107109465768589,5.674920041600829e-127
2940,15.34745182587565,0.7206138084800792,6.643932233957725,1.336392611859111,0.08103095823652016,0.02110355471668419,1.4087829277860823e-129
3000,15.313717539164694,0.7195908432339632,6.644504136789255,1.340251447947844,0.08060147845315983,0.021140795054136022,3.497263966844673e-132
3060,15.294613023928724,0.7185726362994032,6.641288161023714,1.3422807270198904,0.07998417786238982,0.021097107519415622,8.68185936424646e-135
3120,15.275334591012658,0.7175980546911198,6.636925216906492,1.3453196031706167,0.07981553426099876,0.021138413087927268,2.155247151348403e-137
3180,15.26110822074212,0.7169530908443736,6.636088989833396,1.3481701025309234,0.08029336723547092,0.021132052609382855,5.350340391972673e-140
3240,15.242171205425574,0.7168333065791085,6.6392093470024545,1.3501641009900385,0.08074140634857142,0.02114871668451911,1.3282069433227054e-142
3300,15.236096245219864,0.7163131842391853,6.63958357326338,1.3523605752327357,0.08044137018435388,0.021176806459848693,3.2972363532934166e-145
3360,15.218447777981995,0.715601200292175,6.63814687735888,1.354487479375698,0.08046447864016498,0.021442407091816697,8.185296443551437e-148
3420,15.19396049563946,0.7149759528805513,6.6389575931994145,1.3571711166479898,0.08019851368908687,0.021113755586170367,2.0319768039041043e-150
3480,15.175955558803462,0.7139255861386239,6.63781973637089,1.359044413581426,0.08030119477615033,0.02101287062932006,5.044325223990152e-153
3540,15.176813228718142,0.7133543925795722,6.639455825955025,1.3664206828105045,0.07965512160233088,0.020965753318866093,1.2522395391765575e-155
3600,15.169849584530244,0.7127911795196136,6.638951918185911,1.3719536612267245,0.07937150956105404,0.020876213836949008,3.108649410667297e-158
3660,15.16806667051524,0.7128152838033684,6.6363575746425365,1.3753008994226898,0.07947017837450401,0.02079287237391266,7.717134666420734e-161
3720,15.194634033509256,0.7144051250206886,6.6267700555723845,1.3794054221014325,0.07851117626909028,0.02097279253099422,1.9157569604122334e-163
3780,15.178673529938832,0.713976641521199,6.619999898744343,1.3805718767066064,0.07737672658197305,0.021192603523562805,4.7558127336271473e-166
3840,15.178152930979852,0.7137405439843592,6.6111046366886494,1.385541862699291,0.07677060781579723,0.021165418628392094,1.180617125486691e-168
3900,15.16927926350511,0.7135752012926146,6.608108267061395,1.38968761852229,0.07721764666597553,0.021095683291849642,2.930848784555474e-171
3960,15.149840399711852,0.7130178812451609,6.611211182894338,1.3906964297313553,0.07697741920695865,0.02104547500960402,7.275749616446785e-174
4020,15.13285884347652,0.7129030653485936,6.612570070254561,1.3937116362887234,0.07706711517603466,0.021009573161346377,1.80618436407167e-176
4080,15.089390739529088,0.7119577781091981,6.619236728194129,1.3967208331713636,0.07779216941272006,0.020944015437551287,4.4838018472248815e-179
4140,15.107909872010891,0.7127518773363992,6.622716261878678,1.3996322169864859,0.07739450035593667,0.020654391845749562,1.1130911885349216e-181
4200,15.040878961526678,0.711583328888357,6.61809357580502,1.4061079890650587,0.07709864151615604,0.020635547145858357,2.763217546647183e-184
4260,15.028481894004473,0.7109632960949801,6.622514621656141,1.410183988778688,0.07730813437082516,0.020590273040429166,6.859609786462094e-187
4320,15.008949886788603,0.7104716969244996,6.630667163205129,1.4111294782859554,0.07693884961248863,0.02057394358700814,1.702878822538637e-189
4380,14.973162178480992,0.7095357570281122,6.641850946307163,1.4151767931841328,0.07713542104231852,0.02054597514591755,4.227348747990766e-192
4440,14.950208647795654,0.7083981403592685,6.651502995743578,1.418166934072098,0.07777214681209531,0.020538061963027293,1.0494274284589403e-194
4500,14.922245453768337,0.7072468845200341,6.65850003635911,1.4194573226365355,0.0777569490876421,0.020541766775241544,2.6051740541288077e-197
4560,14.904891543242845,0.7065350515441975,6.6653096510551215,1.423892399983215,0.07834988402163467,0.02055283039430747,6.467271264552688e-200
4620,14.901722358611776,0.7062483927758989,6.674144146480669,1.428838588545663,0.07823337292400698,0.020527888628572147,1.605481888744503e-202
4680,14.926613037879296,0.7065623303388111,6.676047920913388,1.4330234022992558,0.077635343922225,0.02050577404209981,3.985563601165718e-205
4740,14.891802304581663,0.7061339971565315,6.679018952994101,1.441058626744769,0.07735300257828276,0.0205262106904626,9.894049462843202e-208
4800,14.882655481376805,0.705174522839624,6.679188347464232,1.4466739504029171,0.07652572797872632,0.020574903579523893,2.4561699315137233e-210
4860,14.831086225600256,0.7037036471985136,6.679241555463246,1.4507706739068087,0.07681779173832651,0.020593460322553103,6.097372724007507e-213
4920,14.845418950047355,0.7034362705696919,6.680735368216595,1.453990828026467,0.07789154483209289,0.020626940817126328,1.5136556171648176e-215
4980,14.821689462376002,0.7027742058245239,6.680718689619428,1.461101895746499,0.07804161021860019,0.020609404328702587,3.7576074664970484e-218
5040,14.832412642587,0.7022311174084058,6.679252853332241,1.463327617104825,0.07791640068926878,0.0208748461332331,9.328154774545999e-221
5100,14.821753471229567,0.7016910273128032,6.679684954304529,1.4669841860356176,0.0782254917917328,0.020827102886554722,2.315688167902293e-223
5160,14.798168657495632,0.7007132908332175,6.685747199648995,1.4702834045604682,0.07831517155158918,0.02081056999102455,5.748630699819911e-226
5220,14.84279557544442,0.7016826337417554,6.687058487626804,1.4738085103294436,0.07826943823077541,0.02080188814721197,1.4270813912241017e-228
5280,14.830955639547168,0.7018706068495312,6.682341762315763,1.4772454314139536,0.07872950656330016,0.020854148610748642,3.5426893873038634e-231
5340,14.796764930967836,0.7014545161790874,6.683439978682619,1.481253384710453,0.07875703001590251,0.020845642539854863,8.79462669199961e-234
5400,14.792781869957043,0.7012838933772522,6.688894993425839,1.483322071837955,0.0786741326406713,0.02084162712561116,2.1832413230699622e-236
5460,14.828555897297749,0.7015959514152358,6.689211071885183,1.489267733027177,0.07898401255495519,0.020878435588618245,5.41983513535186e-239
5520,14.835922014660367,0.7014804883223773,6.689197007822133,1.493248092287783,0.07859005315021332,0.020883361696697425,1.3454588177677692e-241
5580,14.807260009347514,0.7007040612542764,6.690839354018088,1.4972472390279483,0.07847663846096053,0.02087235963274514,3.3400636460347236e-244
5640,14.808105817300206,0.7003048235887566,6.6994337768974175,1.5022081104141172,0.08047143855186906,0.020834899710743367,8.291613992371438e-247
5700,14.783594909480458,0.6997059012895319,6.703146106373982,1.503569285467763,0.07991196436106031,0.020841153490305957,2.0583698361589575e-249
5760,14.76360303624377,0.6990212988188453,6.708532420295606,1.5053520449529438,0.07975458397391957,0.020829846861971354,5.109845183708659e-252
5820,14.743064959894982,0.6987782017428443,6.713638090026863,1.5082108982494757,0.08018169018448212,0.020810556339611465,1.2685046847652214e-254
5880,14.786093219324382,0.6995028999697576,6.7157149304501145,1.51224066615005,0.07982743318456097,0.020773938699513942,3.1490271767949077e-257
5940,14.808168180356914,0.7008670787833774,6.718221329493204,1.5143320701193357,0.0791566043363695,0.020818906177557814,7.817371334366225e-260
6000,14.792336053477115,0.7010449381065255,6.72171799619238,1.516468622818318,0.07910485745952753,0.021010717817366784,1.940640431105142e-262
6060,14.800551769661508,0.7007470503409835,6.728887506591236,1.5166332278077284,0.07949612195444164,0.021737149056335708,4.817585249256013e-265
6120,14.779401964505285,0.7007864613296172,6.736602191221859,1.5186321369434723,0.0793017672286288,0.021603806047306592,1.195951978627599e-267
6180,14.758855587983847,0.7004925144896007,6.745494032996388,1.5207206682134173,0.07949576251384821,0.021471069433584025,2.9689171258653964e-270
6240,14.77427614495134,0.7003932346088859,6.754366975884275,1.5217799290777088,0.07961042741754772,0.021416013135525092,7.370253202283081e-273
6300,14.801605759679035,0.7012013585063334,6.757370950213153,1.5234265668083475,0.0799005639970326,0.022175849103442745,1.829644613267213e-275
6360,14.801339712498605,0.7020249407013762,6.757760350925793,1.526737723194789,0.0796049266471875,0.022466079452000152,4.542041255544307e-278
6420,14.769120556687598,0.7009607670075371,6.756393725234986,1.5302993372454303,0.07909414342791848,0.021965628679295773,1.12754895773049e-280
6480,14.78269367859785,0.7010790481226267,6.756455093169687,1.5309757011475948,0.07965114238854447,0.021726711026209714,2.7991085517490665e-283
6540,14.774210991424692,0.7009272483512121,6.754828826224729,1.5337219653450838,0.07968377653343783,0.021614948144138644,6.948708196444898e-286
6600,14.733781445374145,0.7000151453800245,6.757497408526595,1.5356504828454267,0.08042786627290917,0.02149448521791714,1.7249972520418747e-288
6660,14.643534070448371,0.6980271297998218,6.7664999140999,1.539582343495262,0.08028915303985722,0.021382960353975775,4.2822571266906905e-291
6720,14.671899951444688,0.6975026661730656,6.781197455561455,1.541482135200283,0.07980027737094388,0.021327476717020892,1.0630582789269315e-293
6780,14.651625512688886,0.696452077215955,6.795403843488407,1.5419698442651437,0.07986716681125562,0.021274529933233845,2.639012256763808e-296
6840,14.633364123466393,0.6955222836412458,6.811323682841941,1.5445369073086552,0.08148944214362575,0.021195637984431165,6.55127365018931e-299
6900,14.61129805439104,0.6952179724555766,6.824728853093536,1.5448928930660701,0.08120886657460971,0.021163498253659003,1.6263352445469919e-301
6960,14.581211220420885,0.6942832664161483,6.83867664947233,1.5484952904018277,0.08135325277713322,0.021119281696109257,4.037331470010101e-304
7020,14.565123779678132,0.6937263128126486,6.849856889876186,1.5504598399283063,0.08200498433685989,0.0211144555909654,1.002256174019903e-306
7080,14.57360176138031,0.6934816516429815,6.861826137493702,1.551416412763874,0.08280836996341341,0.021087336859920383,2.48807274265875e-309
7140,14.608573544160347,0.694040998976053,6.8699541592926066,1.5543424898000104,0.08256898944544103,0.021113142283120605,6.176570554864e-312
7200,14.578845114958417,0.6928520790616286,6.87636206337739,1.5543403488065428,0.08262098237143647,0.021109360702110887,1.5333162686e-314
7260,14.582947713547162,0.6928426156493561,6.882356314720202,1.5553631001311672,0.0826982020199355,0.020956196754764053,3.806424e-317
7320,14.564131429700442,0.6920732263151582,6.88807378308504,1.5592333786252763,0.082667805391317,0.020843251374626677,9.453e-320
7380,14.551527687807313,0.6915050086714354,6.894484538923277,1.5612365465965248,0.08232447719278424,0.020855742622804548,9.076e-321
7440,14.527316062505138,0.6906980518942294,6.898888799035063,1.5644910477691825,0.0817946413882022,0.0209004096106144,9.076e-321
7500,14.515480428348464,0.6895794014814127,6.90399818688003,1.56687463730304,0.0820643404720941,0.020886683194714976,9.076e-321
7560,14.510834272253781,0.6894438461929093,6.910831026707116,1.5698857512241673,0.08413914240960749,0.02087304364580499,9.076e-321
7620,14.550608611725018,0.6894758748669217,6.913918978562022,1.5719079227004407,0.08445150535153169,0.020857092447971324,9.076e-321
7680,14.511206163749028,0.688672364467288,6.920167306622078,1.5719669984446187,0.0843145575966841,0.020671933310417764,9.076e-321
7740,14.50893782011305,0.6881384137482582,6.928755106328079,1.5761974146133582,0.0842204758478713,0.02053745505547582,9.076e-321
7800,14.527710538680278,0.6881966374586774,6.93785709023212,1.5779637821354073,0.08301587397415938,0.020556652987884505,9.076e-321
7860,14.496782858503977,0.6880268595947612,6.941719791160765,1.5829088198150336,0.08328935909534108,0.020541256283073853,9.076e-321
7920,14.483652081617807,0.6877791155781585,6.944679604609106,1.5868857389707043,0.0832384670226001,0.020528769597177584,9.076e-321
7980,14.493586442357739,0.6879421482279082,6.944052025720228,1.5898652981610306,0.08250372030808385,0.020506053533809066,9.076e-321
8040,14.494068644016053,0.6881080575994987,6.9430820210649715,1.591837381501824,0.08272241108858912,0.021105827198167965,9.076e-321
8100,14.497968268547135,0.6876775048814253,6.939738102931611,1.593925168788926,0.08201629747714205,0.02092636868294032,9.076e-321
8160,14.4980598320957,0.6873373688529968,6.940028255087376,1.5949837785064969,0.0814546272385246,0.02080892188212999,9.076e-321
8220,14.482722265604554,0.6871458467376119,6.94401680821446,1.5969949821953955,0.08159661472748468,0.020760834612258718,9.076e-321
8280,14.464822117988213,0.6862759903182291,6.949141192292342,1.6031860575898946,0.0820784492053693,0.02068158524535806,9.076e-321
8340,14.446074918332835,0.6854938275588458,6.9550059370744215,1.6054882249194924,0.08225235069114314,0.020666603141535986,9.076e-321
8400,14.473928512124555,0.6860470881695717,6.96034868932704,1.6089527589797983,0.0812544658467317,0.020659266729806294,9.076e-321
8460,14.510270598825825,0.6864206209108012,6.9606373439909905,1.6108590967816265,0.08060533597070475,0.020655409383685167,9.076e-321
8520,14.49639294666135,0.685605083947076,6.96252548453726,1.6123902412918127,0.08184228318490044,0.020583156620034213,9.076e-321
8580,14.49859436298857,0.6855916142874681,6.961738619686971,1.6177382264619056,0.08120492993227486,0.020624855899392634,9.076e-321
8640,14.489358746269257,0.6845269438267002,6.968733444877405,1.6208366796436326,0.08212456618400713,0.0207118765132475,9.076e-321
8700,14.464844862238705,0.6833741250316376,6.974302943544311,1.6208548572443817,0.08149896724054254,0.020821614570856056,9.076e-321
8760,14.457674241453937,0.6828789575549045,6.9783726280732195,1.6228139117157172,0.08125300737855863,0.020810691682673216,9.076e-321
8820,14.469382788273538,0.6830176839492548,6.975956089188857,1.6246454171355835,0.08039474357729899,0.020835350806001546,9.076e-321
8880,14.453195252626733,0.6827452787949841,6.972326339503092,1.6262055302259986,0.08043582996714257,0.020821804102539483,9.076e-321
8940,14.406627607240063,0.6818158609867868,6.9723048666762475,1.6294421922283948,0.07972292486933046,0.020834000071084713,9.076e-321
9000,14.38958084045662,0.6807702788476073,6.978096663734618,1.6333332931103826,0.08015322324917733,0.020798254547399354,9.076e-321
9060,14.323578143607365,0.6786116069556045,6.983281930882904,1.6345918204134613,0.07948445185806503,0.020826121468893215,9.076e-321
9120,14.294804567859037,0.6775909759289239,6.990883568227902,1.6414461516657142,0.08001472847090405,0.020823192356676,9.076e-321
9180,14.270464202432768,0.6765667539029064,7.004436828622772,1.6434447357750204,0.0807223161496933,0.020810330194371146,9.076e-321
9240,14.281881913925465,0.6767132104065431,7.008777093013322,1.6435605044528743,0.08161267512221984,0.020887552030606202,9.076e-321
9300,14.259783321044978,0.6759931469332195,7.012782098742222,1.646376814960352,0.08150741266519447,0.020858075072429084,9.076e-321
9360,14.259723305707233,0.6754811650994754,7.017435940207551,1.6495721848356348,0.0812141180683514,0.020837952994599163,9.076e-321
9420,14.234336575258972,0.6748060712560239,7.023682005881601,1.6525731976564912,0.08129496041074245,0.020817502210965875,9.076e-321
9480,14.31589648139657,0.6763168302500421,7.0260947439733314,1.659257979130178,0.08098364669161458,0.020797166175528035,9.076e-321
9540,14.31175195076424,0.6766478042935927,7.014698837063511,1.6623075374226512,0.08102658491471933,0.02083274994064371,9.076e-321
9600,14.338592204778077,0.6773673545041463,7.0028252912100015,1.6636953637734675,0.07997922334052072,0.02081326929467013,9.076e-321
9660,14.35650954787187,0.6775370582950715,6.995674251255655,1.667569438954982,0.08008440887816212,0.020814992635233953,9.076e-321
9720,14.344037138293375,0.6773710161953412,6.993918256181253,1.6700297110211515,0.08191326239026188,0.020804195079469515,9.076e-321
9780,14.350742854395712,0.677795185199772,6.997428801741064,1.6729360368218273,0.08252050520103689,0.02078919992268545,9.076e-321
9840,14.35197584227719,0.6776090892416176,7.002185692053454,1.6751620493069221,0.08253109016072137,0.020809295835729043,9.076e-321
9900,14.323056908188347,0.6766047311185793,7.007917700666565,1.6800017176545043,0.0826853723392212,0.021518079530481276,9.076e-321
9960,14.310731942925491,0.6758072805037016,7.016017797113148,1.6809843970469727,0.08198070470569072,0.021243616209486546,9.076e-321
10020,14.297096485788416,0.6750441360761228,7.021957594745793,1.684819084829156,0.08242776706625844,0.021018343331133414,9.076e-321
10080,14.276775550405276,0.6738197526293667,7.029180091351438,1.6898694254394075,0.08288092226180606,0.020940283698224867,9.076e-321
10140,14.27559743461431,0.6736459792847961,7.040388839900757,1.6949082059404166,0.08215769029083993,0.021493432689390576,9.076e-321
10200,14.287275523975232,0.6740457529008117,7.027131341130667,1.6950547270810776,0.08149676496071309,0.021903350283952114,9.076e-321
10260,14.269634235465292,0.6730244646271152,7.023908690190418,1.6980012783457417,0.08157616206544291,0.021776820949685076,9.076e-321
10320,14.279520847172627,0.6731302119995627,7.022722372893743,1.7035554142387452,0.08162462228255744,0.021674454241399212,9.076e-321
10380,14.28083757551495,0.67345271693829,7.030087865967057,1.7087106453584153,0.08329001759391247,0.021425137505314128,9.076e-321
10440,14.2946776841981,0.6738149977104751,7.041212687385277,1.7098110442247536,0.08367676027863259,0.02126563254434489,9.076e-321
10500,14.265939346451699,0.6728611605699774,7.0514230488933185,1.7141445019802428,0.08303432303585935,0.021178282568027233,9.076e-321
10560,14.28827027293057,0.6729791057423349,7.061036137818453,1.7182294914357825,0.08399968930426814,0.021176540011690195,9.076e-321
10620,14.275950131919666,0.6723318720499049,7.067002877125531,1.720174674384735,0.08395773153495018,0.02112163740202359,9.076e-321
10680,14.2888955784347,0.6723663389093681,7.076927134088986,1.7202183861427143,0.0828320058626307,0.021107073521792287,9.076e-321
10740,14.25531596745846,0.6718612101743551,7.084559862957252,1.721198662530931,0.08183201651071778,0.021110294832978268,9.076e-321
10800,14.236179365577335,0.6711567521160614,7.0915555772678385,1.7232433270599703,0.08317559246899114,0.021094549366834473,9.076e-321
10860,14.254673293555456,0.6716927326319716,7.095325008508754,1.7242843849002856,0.08389367138894326,0.021091165028876115,9.076e-321
10920,14.250723876041148,0.6713047608072231,7.097275702849691,1.7272300298805459,0.08450266164453633,0.021102976316652994,9.076e-321
10980,14.248739951051888,0.6705427164466642,7.100788184516212,1.7321421437712374,0.08475068013459976,0.021100401363879723,9.076e-321
11040,14.216144238703599,0.6694952071199914,7.107680912286497,1.7360867254705368,0.08485348765816428,0.02107599218788087,9.076e-321
11100,14.221500719261213,0.669559123007628,7.11351867444001,1.7430786924107056,0.08366642693457013,0.02109967815465737,9.076e-321
11160,14.200351620030808,0.6691976783555317,7.118511090373821,1.7460547384339002,0.08455472496561624,0.021054270900987503,9.076e-321
11220,14.19400590001851,0.6691966288160216,7.122795202154478,1.751982112330965,0.08517298218403657,0.021036217283179077,9.076e-321
11280,14.160771141873767,0.6679585704365404,7.127871239755466,1.7530638318725331,0.08483338638803586,0.021023120852746054,9.076e-321
11340,14.189890010496109,0.6679322280841877,7.131949596587374,1.7564409182546348,0.08479485405909407,0.020818816716408405,9.076e-321
11400,14.176953457409178,0.6674059321631012,7.133583272682353,1.757825859512754,0.08556884763620647,0.020805846456189468,9.076e-321
11460,14.131473330630188,0.6663946920375318,7.14438735870778,1.760420313383097,0.08581860711591856,0.02078592817742562,9.076e-321
11520,14.141500788129242,0.6660616526020107,7.157455762752417,1.764614093541024,0.0856333159350787,0.020721475046589312,9.076e-321
11580,14.144943949755502,0.6657352450560038,7.16452832606976,1.7674328736066955,0.08544596210802784,0.020748362787247582,9.076e-321
11640,14.170959998750186,0.666202561801737,7.1719523746004565,1.7678020533722425,0.08610572635433057,0.02099554836562424,9.076e-321
11700,14.141280399028538,0.6651575603657557,7.179027280892044,1.7726421397079808,0.08683661614767378,0.021044839470403507,9.076e-321
11760,14.16223875129931,0.6650515315214306,7.175709126067647,1.7728186862298916,0.08571936941625645,0.021053506818230063,9.076e-321
11820,14.140308776748524,0.66471936630906,7.167631463233191,1.7747234253919517,0.08649708558315798,0.021050323970292825,9.076e-321
11880,14.149286049603624,0.6642067262524358,7.167628426861474,1.7789691425290959,0.08660860927477046,0.021027670057400565,9.076e-321
11940,14.142906257354342,0.6644126142099493,7.172125395377637,1.7845555352430946,0.08615310909392859,0.020808811788923857,9.076e-321
12000,14.15263470952276,0.6640714048197525,7.176260682720723,1.7869357073490104,0.08743893209444001,0.020783656036461547,9.076e-321
12060,14.16723329937709,0.664089983282903,7.173140566708952,1.7909443882515748,0.08685016176937593,0.02076660061987507,9.076e-321
12120,14.172268850371474,0.6637279371024665,7.170827116951269,1.7939982952944786,0.08856927119139475,0.020803415495304595,9.076e-321
12180,14.164215911298431,0.6639642192518975,7.173526067721944,1.7959667578230212,0.08765394582013258,0.02102880156626392,9.076e-321
12240,14.152907247388127,0.6633362610737356,7.178389713255012,1.797969488954204,0.08838346455976545,0.021049033019006916,9.076e-321
12300,14.185349139265536,0.66362579802675,7.183611138303729,1.8013371206815443,0.08977511803623141,0.02102672507511135,9.076e-321
12360,14.173235284248856,0.6627888801880053,7.193841175925014,1.8044737777202966,0.08956606657901864,0.020802198180616124,9.076e-321
12420,14.13681878165146,0.6618604050302419,7.2040321610786675,1.8072603772537146,0.08884980418700458,0.02079291863274504,9.076e-321
12480,14.113044483364417,0.6606859636376335,7.2145907794870086,1.8075141515256594,0.08903156050389431,0.02078710302568254,9.076e-321
12540,14.07588806848918,0.6588411919688519,7.221978523982793,1.8114032204153623,0.0899358429196745,0.020785520322130494,9.076e-321
12600,14.094067083501338,0.6591526925479535,7.230074138486766,1.8123853561254273,0.08970138813613812,0.020969093196905677,9.076e-321
12660,14.062283695615612,0.657559121330326,7.23967040905855,1.8156489290591378,0.08932040311029767,0.02125447196104898,9.076e-321
12720,14.051635358456446,0.6566963602995116,7.251602647487153,1.8166706622568956,0.08981111660635739,0.021136913933430854,9.076e-321
12780,14.032532633847138,0.6556850652349069,7.261311174173506,1.822619466260364,0.0909433652847544,0.021450534595943278,9.076e-321
12840,14.024725358684902,0.6553658522309458,7.270492897229157,1.8236629137351699,0.09070322736238459,0.02152640772692604,9.076e-321
12900,14.01684929025802,0.6547762111134817,7.280741359385442,1.8267329707798512,0.09186146317415525,0.021381891261753824,9.076e-321
12960,13.999798751358883,0.6550809194835995,7.286643043854958,1.828754327898756,0.091229142341819,0.02125520228912175,9.076e-321
13020,13.999990655899712,0.6549008177683574,7.294477141783642,1.8355952741983002,0.09018928777542749,0.020871316894181577,9.076e-321
13080,14.014254145526056,0.6549649936853008,7.297706474144188,1.8378697516709595,0.0901424590242226,0.021028573305864107,9.076e-321
13140,14.01411809379819,0.6556463614831163,7.291474704995544,1.8406719183778133,0.08989321981893503,0.02135965039818017,9.076e-321
13200,14.005763043151584,0.6551248847638418,7.288440555394652,1.8436503955789751,0.09033546180524407,0.02121555292092584,9.076e-321
13260,14.009455327138534,0.6548263765489735,7.288743857521415,1.8448487903434598,0.08955410645882593,0.020960915963143877,9.076e-321
13320,13.985167755919893,0.653767320101106,7.295392337659887,1.8468720712697857,0.09104061749463703,0.02084060618592197,9.076e-321
13380,13.950576752550317,0.652606818564629,7.30079551838287,1.84884962623482,0.09009710041354091,0.020744656431596807,9.076e-321
13440,13.947916123216434,0.6521603435209354,7.305559404299932,1.8509234668485954,0.08916959146176498,0.021243966595233903,9.076e-321
13500,13.92726093956717,0.6517699215282154,7.313244955211365,1.852431082977782,0.0897658840333069,0.02113710181815143,9.076e-321
13560,13.930182401884327,0.6510106921926732,7.316369294605564,1.8528486759594722,0.08979729308343379,0.021028616819242694,9.076e-321
13620,13.912888878321027,0.6504653213560729,7.320305547489634,1.856625685837795,0.08937775214549602,0.020907128095887084,9.076e-321
13680,13.908894195017693,0.6499326492265862,7.324364594841181,1.8585341100853725,0.0890613723302674,0.020816340037605168,9.076e-321
13740,13.915863354390941,0.6501501700118074,7.328888536864036,1.8596046477493142,0.08938483361637112,0.020738323144089625,9.076e-321
13800,13.91153972470907,0.65007981242703,7.329024927376538,1.860599023271428,0.09071033447196078,0.020714769185052884,9.076e-321
13860,13.896065269423866,0.6491976934846759,7.32448286810618,1.8638922835318925,0.09081979079967904,0.020663000910766803,9.076e-321
13920,13.895575188929802,0.6484209959616694,7.321833128200018,1.8646187555417892,0.09057243640464165,0.020656947500577373,9.076e-321
13980,13.873775253215703,0.6483885114813884,7.321738647811776,1.8681659332075395,0.09081179728721897,0.020630120951394652,9.076e-321
14040,13.894731295419286,0.6486124030892936,7.313933715198907,1.869797966099668,0.0904605762191536,0.020615489206236005,9.076e-321
14100,13.87204565848265,0.6484404976788395,7.307960308311061,1.8717934718060996,0.09055264047874452,0.020927801292645674,9.076e-321
14160,13.856565424304463,0.6481490010002917,7.300276192609318,1.8727680408534222,0.09064649618199201,0.0210989597057038,9.076e-321
14220,13.835542986710148,0.6470223599189745,7.296048968986777,1.872736136475441,0.09108222097731401,0.020849616554585903,9.076e-321
14280,13.875922806962551,0.6469710469846406,7.29416820053987,1.8737541805874685,0.09047827636079717,0.020717879607904676,9.076e-321
14340,13.847457977332311,0.6460772044876855,7.295545412868051,1.8748004551802067,0.09008995002536635,0.020640806167690408,9.076e-321
14400,13.863646056168331,0.6459267807111166,7.30106655225455,1.878865887396649,0.09005176794687471,0.020578526407647794,9.076e-321
14460,13.853982168812212,0.6451177380545587,7.311015902326543,1.8805978718001666,0.09120724371674545,0.020559981521251377,9.076e-321
14520,13.845534357149855,0.6448785582694234,7.313175967942287,1.8857925296089604,0.09175936352130452,0.02058636244717542,9.076e-321
14580,13.841146792934952,0.6440710371647537,7.317525611248412,1.88758071766211,0.09270194622133293,0.020613362440699463,9.076e-321
14640,13.849416385212672,0.6441877935372209,7.324555789405662,1.8913347500778461,0.09251213956917316,0.020640549351553485,9.076e-321
14700,13.844004601596101,0.6437506853987154,7.3295091160436945,1.892322131078448,0.0921325922895348,0.020609159363186795,9.076e-321
14760,13.834172121439801,0.6431838846963673,7.33322796873795,1.8923350881898329,0.09193751259597324,0.020611982691929476,9.076e-321
14820,13.847810845163014,0.6430624768814744,7.334921633090725,1.8952498355848038,0.09068699510361737,0.02067444458859079,9.076e-321
14880,13.816132200347775,0.6425631757523597,7.340309612654454,1.8992687314753376,0.09288209859229601,0.02068202228893568,9.076e-321
14940,13.804672346034748,0.6420212476381777,7.342903950087034,1.9011504331860918,0.09139737761331017,0.020662869609443912,9.076e-321
15000,13.794774030786197,0.6406299303151838,7.351066202120685,1.901423053113105,0.0919756873354188,0.020624359817373754,9.076e-321
15060,13.790657137211008,0.6400152024168958,7.360970012356152,1.903437278638514,0.0913736033929851,0.020852297895686347,9.076e-321
15120,13.771785979272833,0.6396146312387101,7.364792099434866,1.90446345346656,0.0914833145881752,0.02086345974446805,9.076e-321
15180,13.771505643968275,0.6391260084642129,7.366841463718647,1.9053151843344789,0.09085621706887625,0.020789170243814926,9.076e-321
15240,13.764098905761282,0.638651976849263,7.364386164942489,1.9111161205045835,0.09021090776070163,0.020796219961661228,9.076e-321
15300,13.753735695030857,0.6382421530667932,7.360586812640654,1.9133444046609023,0.09005984360646314,0.02076747280839159,9.076e-321
15360,13.739466035488634,0.6371824528815451,7.362746582294596,1.9162990182633322,0.0904077917501005,0.02078647811222369,9.076e-321
15420,13.721439676359063,0.6369413562173123,7.3663856711984135,1.9183601050532613,0.08967616276111703,0.02078481776709141,9.076e-321
15480,13.737073498024786,0.6371567166319383,7.366118347237678,1.9193937209357521,0.09018064856200102,0.020750323167555634,9.076e-321
15540,13.738643889011787,0.6369887723825043,7.360128412499397,1.9234093768375669,0.09033179105271656,0.02075907904007431,9.076e-321
15600,13.709544361760164,0.6365797090515163,7.356010567166825,1.9242238863010939,0.09002180525101545,0.020762831117303097,9.076e-321
15660,13.68913301840444,0.635887224254617,7.356654775621049,1.9272034871469887,0.0900374052247402,0.020778980283913576,9.076e-321
15720,13.708576734873539,0.635552400975211,7.357072109212869,1.9282678037098084,0.09063482834365733,0.020790341615205266,9.076e-321
15780,13.694406174113814,0.6347376009329495,7.354269507594154,1.9312522062296644,0.09057895053519438,0.020821815324331784,9.076e-321
15840,13.680599501176053,0.6339645357941113,7.35243582862456,1.931285688307162,0.0901866559622169,0.020803315444841666,9.076e-321
15900,13.651498455592682,0.6330236119057097,7.355287914307692,1.9365837904087702,0.09076847655107811,0.020825135360352652,9.076e-321
15960,13.62735442164769,0.6318549669397027,7.363647872540134,1.9412173885660966,0.08975285089430432,0.02103546383073576,9.076e-321
16020,13.631865539943576,0.6316484929720294,7.368538344510083,1.9431834518842053,0.08868931605086937,0.021156258952510443,9.076e-321
16080,13.635157751723938,0.6317994348922679,7.369568978349155,1.9481336860750238,0.08759223287498825,0.02197651454803899,9.076e-321
16140,13.617499202657068,0.630986158386895,7.370685796128481,1.9502694224065298,0.08840902980105758,0.021586280263649754,9.076e-321
16200,13.624609441399027,0.6307005931921085,7.375831976342093,1.9562322600645496,0.08901736392227684,0.0213058323893606,9.076e-321
16260,13.639094792325253,0.6308798317709102,7.384229215300863,1.9581262484125808,0.08792639828986372,0.021492439168346807,9.076e-321
16320,13.615031954164905,0.6299261384109045,7.393528932062652,1.9601023126755488,0.08840947774524896,0.021583436593936075,9.076e-321
16380,13.59955987801331,0.6290311189801351,7.4045678467057074,1.961283519344676,0.08977031393038024,0.021824165631662694,9.076e-321
16440,13.578730410022457,0.627555306168756,7.41719901001554,1.9632355679370093,0.08933903418135516,0.021716556147327436,9.076e-321
16500,13.598092609736538,0.6269879050528814,7.427023247176191,1.9669505173316317,0.08923538425799853,0.021596824050828058,9.076e-321
16560,13.589880229228056,0.6262386676380023,7.428944225856849,1.9691838976403029,0.08882237135428664,0.021473367585100787,9.076e-321
16620,13.597953033742847,0.625984097481987,7.430833432921082,1.9719256801728833,0.08880664220851818,0.021368287875658403,9.076e-321
16680,13.570477304404895,0.6256547572778722,7.430616843476011,1.973598822712749,0.0883573544858094,0.021579687039574115,9.076e-321
16740,13.572578547553444,0.6249759447703496,7.433998508879669,1.9762822340377082,0.08899701611516153,0.021815850244811318,9.076e-321
16800,13.55456639172217,0.6244936565246231,7.4398763881738255,1.979259330033253,0.09004664210861701,0.021690483602654475,9.076e-321
16860,13.561741475378449,0.623804281064309,7.4439931873056455,1.9802447757763562,0.09010967305612741,0.021567197023851008,9.076e-321
16920,13.56252720652926,0.6235621049093474,7.448460036191222,1.9833614570435938,0.09026664252434088,0.02143130589840741,9.076e-321
16980,13.540593574985596,0.6227490265098967,7.456049560720442,1.9848753078831876,0.09046638051504143,0.021330538497025854,9.076e-321
17040,13.591991650948557,0.623369983178161,7.4574577447789405,1.9879466934452867,0.09135136492642616,0.02168670189993415,9.076e-321
17100,13.624819580880812,0.6241253134214009,7.4514111957879,1.9899263980357933,0.08985681293207727,0.021594625783995475,9.076e-321
17160,13.621251777105915,0.6234558860194005,7.446472394453179,1.9918983133822796,0.08995957866197155,0.02183658160010032,9.076e-321
17220,13.577516343648176,0.6221735703192952,7.448078734449421,1.9930119226711556,0.08880984025761263,0.021876125393190442,9.076e-321
17280,13.545930504777951,0.6206109576618604,7.455784592382104,1.9959452261307524,0.08907687913819427,0.021707807040820516,9.076e-321
17340,13.552490675228166,0.6199462699890884,7.4637638347731015,1.996934690886367,0.08949912819829672,0.021551452045419292,9.076e-321
17400,13.524703692486387,0.619507076112945,7.462706082362625,1.9989265941731755,0.08880576392083372,0.021963548426056845,9.076e-321
17460,13.503270419606153,0.6183542896308997,7.476214608504254,2.000899149918575,0.09010063121767158,0.02176736643745596,9.076e-321
17520,13.499014385766886,0.6176977904691253,7.4834358693062635,2.001947308186285,0.08889280336508133,0.021604057300117063,9.076e-321
17580,13.469308194939805,0.6162425549864999,7.492578335097505,2.0059184984827083,0.09078799613196432,0.021480861327466103,9.076e-321
17640,13.48551255795254,0.6163305024798138,7.495681978390463,2.009949440019708,0.09048850515641643,0.02138645127161381,9.076e-321
17700,13.477497401817061,0.6158375981175052,7.496102461837423,2.0132826163413218,0.09003433631952552,0.021290240448857033,9.076e-321
17760,13.456713949439916,0.6153158343185594,7.500152488305826,2.0139907583105745,0.08879650443016394,0.021210634008423337,9.076e-321
17820,13.44668271887934,0.6142358461698011,7.505313789292604,2.0189924959057515,0.08891821803551786,0.021176022117613214,9.076e-321
17880,13.43591775362502,0.6138684904856138,7.503609640196123,2.0219776154172973,0.08865662678567136,0.021181817899268145,9.076e-321
17940,13.416130386706405,0.6135930453347426,7.502327490684822,2.0249422928460916,0.09015406479739509,0.0211703956860604,9.076e-321
18000,13.409042839267853,0.61282793095563,7.509167247857217,2.0270239005707356,0.09020765312089624,0.02112649646469098,9.076e-321
18060,13.38330320550623,0.6117677848166851,7.5188232804203885,2.0286052449075345,0.09075022172863567,0.021104052038574538,9.076e-321
18120,13.341068902497131,0.6097850796629143,7.52892429145366,2.0316208255095938,0.0910953514826948,0.021060388157813126,9.076e-321
18180,13.343389268140722,0.6091281151753059,7.538603831311183,2.032620830959967,0.09104107678390097,0.02107256126889053,9.076e-321
18240,13.306985221091244,0.6073309276719792,7.549294146622359,2.032637162692813,0.09143548498854015,0.021337843845686256,9.076e-321
18300,13.287104936266767,0.6063783412465067,7.566071258423135,2.0336003511176033,0.0925996449470636,0.02159928346053485,9.076e-321
18360,13.266017290416503,0.6050939980458562,7.5831864045557245,2.0374052539054244,0.09287887838465636,0.021565037619872853,9.076e-321
18420,13.304168984429669,0.6061053642392066,7.590470431094334,2.0374479063473814,0.09111123852868969,0.02148020083959393,9.076e-321
18480,13.281093820510927,0.6054355865976899,7.5819860966987225,2.0383541654230695,0.09091352381217586,0.021399830344379922,9.076e-321
18540,13.275198021031883,0.6057539693744989,7.585159961466657,2.038343234292413,0.09165138387716526,0.021302162438398536,9.076e-321
18600,13.2879854366489,0.6058558515876007,7.585183794595064,2.038388372488118,0.09117540897375281,0.021233428176438893,9.076e-321
18660,13.304639616651151,0.6062522112411675,7.58361724859752,2.0401648704543893,0.09200188129777231,0.021171596613255524,9.076e-321
18720,13.32115757220221,0.6058844474549369,7.583320334345396,2.0435950960999514,0.09198160574899118,0.02114763779920301,9.076e-321
18780,13.317500573874774,0.6056175064789793,7.582134307198791,2.0470397100439066,0.09160359247900986,0.020966724829342975,9.076e-321
18840,13.259981975087756,0.6037903584597922,7.580080734109598,2.0487107802481925,0.09193599663991635,0.020864359057255085,9.076e-321
18900,13.239193677203959,0.6022179015972109,7.590561589586767,2.049758239166241,0.09233235269179065,0.021052726875320567,9.076e-321
18960,13.20334094267739,0.6015097210804088,7.6013952512602145,2.0497245850272923,0.09268568601777577,0.021314974000764028,9.076e-321
19020,13.187675792519402,0.6012220408992969,7.613636722046158,2.0507552582494184,0.09319244648289125,0.021218262097284744,9.076e-321
19080,13.189656908602984,0.6010553498873442,7.62505467054524,2.0525544985143966,0.09312677153393302,0.02108305170398806,9.076e-321
19140,13.231823077728725,0.6017653146020983,7.630550364123652,2.05269520717856,0.09314047411382863,0.020983356065628987,9.076e-321
19200,13.207608697732157,0.6008385611514337,7.634370002800284,2.0527075186312915,0.09275239960735913,0.02092118794201355,9.076e-321
19260,13.204139219431514,0.6004422510343679,7.6411127538373504,2.0537033148609014,0.09290502238217578,0.020951476798723234,9.076e-321
19320,13.233807339921055,0.6015039631902447,7.640016737739048,2.0554342463898174,0.09230179756855093,0.020918447149607812,9.076e-321
19380,13.229789452676547,0.6008205245126688,7.641203133887643,2.0584127993162857,0.09264675192565362,0.020897816138325816,9.076e-321
19440,13.243398258483712,0.6000395663129093,7.642273013561534,2.0611992298261472,0.09339989250343064,0.020622911558293596,9.076e-321
19500,13.252292959660952,0.6005464050199892,7.639375543897939,2.0631717671916343,0.09155874057193174,0.020588177211960594,9.076e-321
19560,13.243783707902278,0.5997865063533009,7.638014828879841,2.068037928345418,0.09160147097438655,0.020579022256484274,9.076e-321
19620,13.281280788122137,0.6000043652819624,7.627446764677396,2.068136209858965,0.09191336185620141,0.02057961669016002,9.076e-321
19680,13.218516280310965,0.598607084538926,7.624534716957981,2.0711735758447714,0.0923436356048458,0.020568911749915767,9.076e-321
19740,13.21339143684404,0.5977285922814591,7.624399277857759,2.0724868330398514,0.09241366243292508,0.020578719638538457,9.076e-321
19800,13.241361250990586,0.5979599390014855,7.617611290861141,2.073296154919208,0.0909260667529093,0.020578554530062503,9.076e-321
19860,13.215372396073723,0.596964380726767,7.6079920422565515,2.075288252967591,0.09097510068147871,0.02055449037740131,9.076e-321
19920,13.2072214434641,0.5969241179642012,7.60730878977658,2.0772538763015174,0.09145958666697321,0.020560548264657016,9.076e-321
19980,13.193046486890578,0.5968448096123589,7.611398044530581,2.079197953767152,0.09109822294591673,0.02123273011806701,9.076e-321
20040,13.17606865696885,0.5959645443627027,7.6193552096395125,2.081433655717091,0.09116849368619684,0.02064087434561253,9.076e-321
20100,13.176671837690513,0.5952388633579663,7.627434602844807,2.0816006225900328,0.09208351387185244,0.0204132557700846,9.076e-321
20160,13.194711478061672,0.5950105839287924,7.639234229644261,2.082538762028908,0.09249757565936227,0.020461792819251198,9.076e-321
20220,13.184010043413188,0.5946011246454426,7.646892936142526,2.085561395582451,0.09374393720047862,0.02107115998429722,9.076e-321
20280,13.16546642134824,0.5944665740757962,7.65318295405973,2.0905193130258306,0.09391202575779108,0.021020529533430636,9.076e-321
20340,13.153743380578273,0.5940981915591277,7.6595556598081425,2.091525483912737,0.09432780658539744,0.02092896319101674,9.076e-321
20400,13.125325791823428,0.5934279677010127,7.654500869209702,2.0935382209571043,0.09333958476370867,0.021579208618483826,9.076e-321
20460,13.133015680219367,0.5933756517649916,7.65363385132066,2.0944570497094226,0.09375380925730413,0.02148532977341271,9.076e-321
20520,13.1540782713264,0.5934709606283862,7.649002141109434,2.09681356503327,0.09257657619588965,0.021244197260980154,9.076e-321
20580,13.183920506572573,0.5941227001120393,7.64584768334323,2.102488134581937,0.09256508640950163,0.021286289246579857,9.076e-321
20640,13.210528921381945,0.5952813470912273,7.641312993061955,2.106590083757215,0.09242977846822166,0.021366268266699795,9.076e-321
20700,13.174001394151658,0.5938781122046839,7.635296671195603,2.1106369930912625,0.09265568697113016,0.021241366403760138,9.076e-321
20760,13.171770986463537,0.5928113431547937,7.641116555958,2.116570967898541,0.09219743466078756,0.021405167642047356,9.076e-321
20820,13.130544194194517,0.5905244839913876,7.652563708576758,2.118562319542842,0.09369174684855479,0.021309614131741893,9.076e-321
20880,13.106990216749654,0.5895946357309558,7.664613589359817,2.1224696576358206,0.09474202920573621,0.021828592588144968,9.076e-321
20940,13.091743811367348,0.5885156629812319,7.670621371702112,2.126101266647867,0.0940805300862172,0.02205170081488297,9.076e-321
21000,13.055171504269309,0.5871652635966104,7.682360799408637,2.126090025944009,0.09428889590302407,0.02190497757195471,9.076e-321
21060,13.056804019815246,0.5864782541594705,7.697708310450964,2.129101775007378,0.09438963535072631,0.021509938071703656,9.076e-321
21120,13.04929632402065,0.5859177521653092,7.708125180359093,2.130615361850289,0.0949764023874435,0.02128394830565767,9.076e-321
21180,12.989345585402873,0.5842624687491906,7.720417906744826,2.1345212483321014,0.09546887076876825,0.021194584207084928,9.076e-321
21240,12.985038726243538,0.5835701696669124,7.733894676291416,2.138489580524,0.09581500775070395,0.02108318504457337,9.076e-321
21300,12.989279754717824,0.5835404693493115,7.739409760045836,2.1387474061734175,0.0964181609723469,0.021121006833299448,9.076e-321
21360,13.014859893321098,0.5837655938650174,7.736895741889974,2.139300212462606,0.09758598392066412,0.021097065668177525,9.076e-321
21420,12.981501618516582,0.582579536246383,7.73430376709634,2.1430040227558633,0.09817118138451304,0.0210520028802039,9.076e-321
21480,12.957013385761414,0.582277311638956,7.73044847494118,2.1439558244499213,0.09862959355780505,0.021781561200175308,9.076e-321
21540,12.953452467372246,0.5822802465085659,7.723425930147411,2.146779095414701,0.09885111868146663,0.02193432081399349,9.076e-321
21600,12.941479171627217,0.5816297454624705,7.722746887043792,2.149800127274261,0.0977633956874664,0.021569376118487638,9.076e-321
